{"credit":"MadebyJeqo","texture_size":[32,32],"textures":{"0":"gem_set:green_gem_shovel"},"elements":[{"from":[7,-8.2,7],"to":[9,5.8,9],"rotation":{"angle":0,"axis":"y","origin":[0,21.8,0]},"faces":{"north":{"uv":[3.5,0,4.5,7],"texture":"#0"},"east":{"uv":[4.5,0,5.5,7],"texture":"#0"},"south":{"uv":[5.5,0,6.5,7],"texture":"#0"},"west":{"uv":[0,6,1,13],"texture":"#0"},"up":{"uv":[12.5,13.5,11.5,12.5],"texture":"#0"},"down":{"uv":[13.5,12.5,12.5,13.5],"texture":"#0"}}},{"from":[6.75,-5.2,6.75],"to":[9.25,1.8,9.25],"rotation":{"angle":0,"axis":"y","origin":[0,21.8,0]},"faces":{"north":{"uv":[6.5,5.5,8,9],"texture":"#0"},"east":{"uv":[3.5,7,5,10.5],"texture":"#0"},"south":{"uv":[5,7,6.5,10.5],"texture":"#0"},"west":{"uv":[8,5.5,9.5,9],"texture":"#0"},"up":{"uv":[2.5,11.5,1,10],"texture":"#0"},"down":{"uv":[12,1.5,10.5,3],"texture":"#0"}}},{"from":[6.501,1.801,6.501],"to":[9.499,3.799,9.499],"rotation":{"angle":0,"axis":"y","origin":[0,21.8,0]},"faces":{"north":{"uv":[9,1.5,10.5,2.5],"texture":"#0"},"east":{"uv":[7.5,11,9,12],"texture":"#0"},"south":{"uv":[1,11.5,2.5,12.5],"texture":"#0"},"west":{"uv":[9,11.5,10.5,12.5],"texture":"#0"},"up":{"uv":[4,12,2.5,10.5],"texture":"#0"},"down":{"uv":[12,3,10.5,4.5],"texture":"#0"}}},{"from":[6.501,-7.199,6.501],"to":[9.499,-5.201,9.499],"rotation":{"angle":0,"axis":"y","origin":[0,19.8,0]},"faces":{"north":{"uv":[10.5,11.5,12,12.5],"texture":"#0"},"east":{"uv":[11.5,10.5,13,11.5],"texture":"#0"},"south":{"uv":[12,1.5,13.5,2.5],"texture":"#0"},"west":{"uv":[2.5,12,4,13],"texture":"#0"},"up":{"uv":[5.5,12,4,10.5],"texture":"#0"},"down":{"uv":[12,4.5,10.5,6],"texture":"#0"}}},{"from":[6.501,-9.199,6.501],"to":[9.499,-8.201,9.499],"rotation":{"angle":0,"axis":"y","origin":[0,16.8,0]},"faces":{"north":{"uv":[13,3.5,14.5,4],"texture":"#0"},"east":{"uv":[7.5,13,9,13.5],"texture":"#0"},"south":{"uv":[13,10.5,14.5,11],"texture":"#0"},"west":{"uv":[13,11,14.5,11.5],"texture":"#0"},"up":{"uv":[12,7.5,10.5,6],"texture":"#0"},"down":{"uv":[12,7.5,10.5,9],"texture":"#0"}}},{"from":[7.001,-10.199,7.001],"to":[8.999,-9.201,8.999],"rotation":{"angle":0,"axis":"y","origin":[0,15.8,0]},"faces":{"north":{"uv":[2.5,10,3.5,10.5],"texture":"#0"},"east":{"uv":[13.5,2,14.5,2.5],"texture":"#0"},"south":{"uv":[13.5,5.5,14.5,6],"texture":"#0"},"west":{"uv":[13.5,6,14.5,6.5],"texture":"#0"},"up":{"uv":[1,14,0,13],"texture":"#0"},"down":{"uv":[3.5,13,2.5,14],"texture":"#0"}}},{"from":[5.999,5.749,6.999],"to":[10.001,8.751,9.001],"rotation":{"angle":0,"axis":"y","origin":[8,7.75,8.5]},"faces":{"north":{"uv":[1,8.5,3,10],"texture":"#0"},"east":{"uv":[12,2.5,13,4],"texture":"#0"},"south":{"uv":[9,0,11,1.5],"texture":"#0"},"west":{"uv":[4,12,5,13.5],"texture":"#0"},"up":{"uv":[12.5,10,10.5,9],"texture":"#0"},"down":{"uv":[11.5,10.5,9.5,11.5],"texture":"#0"}}},{"from":[3.999,8.749,6.499],"to":[12.001,9.751,9.501],"rotation":{"angle":0,"axis":"y","origin":[8,7.75,8.5]},"faces":{"north":{"uv":[10.5,10,14.5,10.5],"texture":"#0"},"east":{"uv":[1,13.5,2.5,14],"texture":"#0"},"south":{"uv":[11,0,15,0.5],"texture":"#0"},"west":{"uv":[13.5,1.5,15,2],"texture":"#0"},"up":{"uv":[10.5,4,6.5,2.5],"texture":"#0"},"down":{"uv":[10.5,4,6.5,5.5],"texture":"#0"}}},{"from":[3.14445,8.39503,6.499],"to":[4.14645,10.39703,9.501],"rotation":{"angle":45,"axis":"z","origin":[3.64545,9.39603,8.5]},"faces":{"north":{"uv":[4.5,13.5,5,14.5],"texture":"#0"},"east":{"uv":[12,4,13.5,5],"texture":"#0"},"south":{"uv":[13.5,6.5,14,7.5],"texture":"#0"},"west":{"uv":[12,5,13.5,6],"texture":"#0"},"up":{"uv":[3.5,10,3,8.5],"texture":"#0"},"down":{"uv":[4,13,3.5,14.5],"texture":"#0"}}},{"from":[11.85355,8.39503,6.499],"to":[12.85555,10.39703,9.501],"rotation":{"angle":-45,"axis":"z","origin":[12.35455,9.39603,8.5]},"faces":{"north":{"uv":[7.5,13.5,8,14.5],"texture":"#0"},"east":{"uv":[12,6,13.5,7],"texture":"#0"},"south":{"uv":[13.5,7.5,14,8.5],"texture":"#0"},"west":{"uv":[12,7,13.5,8],"texture":"#0"},"up":{"uv":[4.5,15,4,13.5],"texture":"#0"},"down":{"uv":[14,4,13.5,5.5],"texture":"#0"}}},{"from":[6.499,8.899,6.999],"to":[9.501,12.901,9.001],"rotation":{"angle":0,"axis":"y","origin":[7.5,11.9,8.5]},"faces":{"north":{"uv":[6.5,9,8,11],"texture":"#0"},"east":{"uv":[5.5,10.5,6.5,12.5],"texture":"#0"},"south":{"uv":[8,9,9.5,11],"texture":"#0"},"west":{"uv":[6.5,11,7.5,13],"texture":"#0"},"up":{"uv":[9,13,7.5,12],"texture":"#0"},"down":{"uv":[13.5,8,12,9],"texture":"#0"}}},{"from":[6.999,6.249,6.499],"to":[9.001,8.251,9.501],"rotation":{"angle":45,"axis":"z","origin":[8,7.25,8]},"faces":{"north":{"uv":[13,2.5,14,3.5],"texture":"#0"},"east":{"uv":[12,11.5,13.5,12.5],"texture":"#0"},"south":{"uv":[6.5,13,7.5,14],"texture":"#0"},"west":{"uv":[1,12.5,2.5,13.5],"texture":"#0"},"up":{"uv":[6,14,5,12.5],"texture":"#0"},"down":{"uv":[10,12.5,9,14],"texture":"#0"}}},{"from":[4.5,9.75,7.5],"to":[11.5,16.05,8.5],"rotation":{"angle":0,"axis":"y","origin":[8.51,10.54,7.99]},"faces":{"north":{"uv":[0,0,3.5,3],"texture":"#0"},"east":{"uv":[6,12.5,6.5,15.5],"texture":"#0"},"south":{"uv":[0,3,3.5,6],"texture":"#0"},"west":{"uv":[10,12.5,10.5,15.5],"texture":"#0"},"up":{"uv":[14.5,1,11,0.5],"texture":"#0"},"down":{"uv":[14.5,1,11,1.5],"texture":"#0"}}},{"from":[5.499,13.549,7.499],"to":[10.501,18.551,8.501],"rotation":{"angle":45,"axis":"z","origin":[8,16.05,8]},"faces":{"north":{"uv":[1,6,3.5,8.5],"texture":"#0"},"east":{"uv":[10.5,12.5,11,15],"texture":"#0"},"south":{"uv":[6.5,0,9,2.5],"texture":"#0"},"west":{"uv":[11,12.5,11.5,15],"texture":"#0"},"up":{"uv":[15,9.5,12.5,9],"texture":"#0"},"down":{"uv":[15,9.5,12.5,10],"texture":"#0"}}},{"from":[7.35046,9.35231,7.501],"to":[9.34846,10.35031,8.499],"rotation":{"angle":-45,"axis":"z","origin":[7.34946,12.35131,7.489]},"faces":{"north":{"uv":[8,13.5,9,14],"texture":"#0"},"east":{"uv":[9,11,9.5,11.5],"texture":"#0"},"south":{"uv":[13.5,8.5,14.5,9],"texture":"#0"},"west":{"uv":[5,12,5.5,12.5],"texture":"#0"},"up":{"uv":[12.5,14,11.5,13.5],"texture":"#0"},"down":{"uv":[14.5,11.5,13.5,12],"texture":"#0"}}},{"from":[8.43187,8.76132,7.501],"to":[9.42987,10.75932,8.499],"rotation":{"angle":-45,"axis":"z","origin":[9.4612,8.87643,7.5]},"faces":{"north":{"uv":[13.5,12,14,13],"texture":"#0"},"east":{"uv":[12.5,13.5,13,14.5],"texture":"#0"},"south":{"uv":[13,13.5,13.5,14.5],"texture":"#0"},"west":{"uv":[13.5,13,14,14],"texture":"#0"},"up":{"uv":[0.5,14.5,0,14],"texture":"#0"},"down":{"uv":[1,14,0.5,14.5],"texture":"#0"}}},{"from":[2.8902,11.98979,8],"to":[4.8902,17.28979,8],"rotation":{"angle":22.5,"axis":"z","origin":[9.7502,12.77979,7.49]},"faces":{"north":{"uv":[9.5,5.5,10.5,8],"texture":"#0"},"east":{"uv":[0,0,0,2.5],"texture":"#0"},"south":{"uv":[9.5,8,10.5,10.5],"texture":"#0"},"west":{"uv":[0,0,0,2.5],"texture":"#0"},"up":{"uv":[1,0,0,0],"texture":"#0"},"down":{"uv":[1,0,0,0],"texture":"#0"}}},{"from":[11.1098,11.98979,8],"to":[13.1098,17.28979,8],"rotation":{"angle":-22.5,"axis":"z","origin":[6.2498,12.77979,7.49]},"faces":{"north":{"uv":[10.5,5.5,9.5,8],"texture":"#0"},"east":{"uv":[0,0,0,2.5],"texture":"#0"},"south":{"uv":[10.5,8,9.5,10.5],"texture":"#0"},"west":{"uv":[0,0,0,2.5],"texture":"#0"},"up":{"uv":[0,0,1,0],"texture":"#0"},"down":{"uv":[0,0,1,0],"texture":"#0"}}}],"gui_light":"front","display":{"thirdperson_righthand":{"rotation":[0,-90,0],"translation":[0,4.75,1.25],"scale":[0.7,0.7,0.7]},"thirdperson_lefthand":{"rotation":[0,-90,0],"translation":[0,4.75,1.25],"scale":[0.7,0.7,0.7]},"firstperson_righthand":{"rotation":[8,85,0],"translation":[3.25,3.75,0.25],"scale":[0.4,0.4,0.4]},"firstperson_lefthand":{"rotation":[8,-85,0],"translation":[3.25,3.75,0.25],"scale":[0.4,0.4,0.4]},"ground":{"rotation":[0,0,-45],"translation":[2.5,7,0],"scale":[0.5,0.5,0.5]},"gui":{"rotation":[0,0,-45],"translation":[1.5,1.5,-0.75],"scale":[0.6,0.6,0.6]},"head":{"rotation":[0,0,-180],"translation":[-0.25,11,0.75],"scale":[0.6,0.6,0.6]},"fixed":{"rotation":[0,-180,-45],"translation":[-1.75,1.75,-0.75],"scale":[0.7,0.7,0.7]}},"groups":[{"name":"shovel","origin":[6.2498,12.77979,7.49],"color":0,"children":[0,1,2,3,4,5,6,7,8,9,10,11,12,13,14,15,16,17]}]}