{
	"credit": "Made by Jeqo",
	"texture_size": [64, 64],
	"textures": {
		"0": "gem_set:pink_gem_shield",
		"particle": "gem_set:pink_gem_shield"
	},
	"elements": [
		{
			"from": [5.5, 5, 5.925],
			"to": [10.5, 12, 8.425],
			"rotation": {"angle": 0, "axis": "y", "origin": [8, 8.5, 6.925]},
			"faces": {
				"north": {"uv": [0, 4.5, 1.25, 6.25], "texture": "#0"},
				"east": {"uv": [5.25, 3.75, 6, 5.5], "texture": "#0"},
				"south": {"uv": [4.5, 0, 5.75, 1.75], "texture": "#0"},
				"west": {"uv": [5.25, 5.5, 6, 7.25], "texture": "#0"},
				"up": {"uv": [8.25, 7.5, 7, 6.75], "texture": "#0"},
				"down": {"uv": [8.5, 1.5, 7.25, 2.25], "texture": "#0"}
			}
		},
		{
			"name": "handle",
			"from": [7, 5.5, 8.5],
			"to": [9, 11.5, 14.5],
			"rotation": {"angle": 0, "axis": "y", "origin": [8, 8, 10.5]},
			"faces": {
				"north": {"uv": [7.5, 0, 8, 1.5], "texture": "#0"},
				"east": {"uv": [0, 3, 1.5, 4.5], "texture": "#0"},
				"south": {"uv": [8, 0, 8.5, 1.5], "texture": "#0"},
				"west": {"uv": [1.5, 3, 3, 4.5], "texture": "#0"},
				"up": {"uv": [8.5, 3.75, 8, 2.25], "texture": "#0"},
				"down": {"uv": [8.5, 7.5, 8, 9], "texture": "#0"}
			}
		},
		{
			"from": [3.5, 13, 6.5],
			"to": [12.5, 17, 7.5],
			"rotation": {"angle": 0, "axis": "y", "origin": [0.5, 1, 8]},
			"faces": {
				"north": {"uv": [3, 3, 5.25, 4], "texture": "#0"},
				"east": {"uv": [0.75, 8.25, 1, 9.25], "texture": "#0"},
				"south": {"uv": [3, 4, 5.25, 5], "texture": "#0"},
				"west": {"uv": [9.25, 10.5, 9.5, 11.5], "texture": "#0"},
				"up": {"uv": [10, 5.75, 7.75, 5.5], "texture": "#0"},
				"down": {"uv": [10, 5.75, 7.75, 6], "texture": "#0"}
			}
		},
		{
			"name": "cube_outline",
			"from": [9.5, -1.87868, 8.525],
			"to": [6.5, -4.87868, 5.475],
			"rotation": {"angle": 0, "axis": "y", "origin": [8, -3.37868, 7]},
			"faces": {
				"north": {"uv": [7.75, 6, 8.5, 6.75], "texture": "#0"},
				"east": {"uv": [0, 8.25, 0.75, 9], "texture": "#0"},
				"south": {"uv": [8.25, 3.75, 9, 4.5], "texture": "#0"},
				"west": {"uv": [8.25, 4.5, 9, 5.25], "texture": "#0"},
				"up": {"uv": [9, 7.5, 8.25, 6.75], "texture": "#0"},
				"down": {"uv": [9.25, 0, 8.5, 0.75], "texture": "#0"}
			}
		},
		{
			"from": [6.5, 7, 4.9],
			"to": [9.5, 10, 7.4],
			"rotation": {"angle": 45, "axis": "z", "origin": [8, 8.5, 6.9]},
			"faces": {
				"north": {"uv": [8.5, 0.75, 9.25, 1.5], "texture": "#0"},
				"east": {"uv": [1.25, 8.5, 2, 9.25], "texture": "#0"},
				"south": {"uv": [8.5, 1.5, 9.25, 2.25], "texture": "#0"},
				"west": {"uv": [2, 8.5, 2.75, 9.25], "texture": "#0"},
				"up": {"uv": [9.25, 3, 8.5, 2.25], "texture": "#0"},
				"down": {"uv": [9.25, 3, 8.5, 3.75], "texture": "#0"}
			}
		},
		{
			"from": [3.5, 1, 6.5],
			"to": [12.5, 13, 7.5],
			"rotation": {"angle": 0, "axis": "y", "origin": [0.5, 1, 8]},
			"faces": {
				"north": {"uv": [0, 0, 2.25, 3], "texture": "#0"},
				"east": {"uv": [1, 6.25, 1.25, 9.25], "texture": "#0"},
				"south": {"uv": [2.25, 0, 4.5, 3], "texture": "#0"},
				"west": {"uv": [5.75, 7.25, 6, 10.25], "texture": "#0"},
				"up": {"uv": [10.5, 5.5, 8.25, 5.25], "texture": "#0"},
				"down": {"uv": [10.75, 6, 8.5, 6.25], "texture": "#0"}
			}
		},
		{
			"from": [5.53553, -5.54264, 6.025],
			"to": [7.53553, 2.85736, 7.925],
			"rotation": {"angle": 45, "axis": "z", "origin": [6.03553, -2.24264, 6.975]},
			"faces": {
				"north": {"uv": [0, 6.25, 0.5, 8.25], "texture": "#0"},
				"east": {"uv": [0.5, 6.25, 1, 8.25], "texture": "#0"},
				"south": {"uv": [6, 6.75, 6.5, 8.75], "texture": "#0"},
				"west": {"uv": [6.5, 6.75, 7, 8.75], "texture": "#0"},
				"up": {"uv": [7.75, 2.75, 7.25, 2.25], "texture": "#0"},
				"down": {"uv": [9, 6.25, 8.5, 6.75], "texture": "#0"}
			}
		},
		{
			"from": [8.31802, -4.84619, 6],
			"to": [10.31802, 2.50381, 7.95],
			"rotation": {"angle": -45, "axis": "z", "origin": [10.31802, -2.59619, 6.975]},
			"faces": {
				"north": {"uv": [5.25, 7.25, 5.75, 9], "texture": "#0"},
				"east": {"uv": [7, 7.5, 7.5, 9.25], "texture": "#0"},
				"south": {"uv": [7.5, 7.5, 8, 9.25], "texture": "#0"},
				"west": {"uv": [7.75, 3.75, 8.25, 5.5], "texture": "#0"},
				"up": {"uv": [2.75, 9.75, 2.25, 9.25], "texture": "#0"},
				"down": {"uv": [10.5, 5.5, 10, 6], "texture": "#0"}
			}
		},
		{
			"from": [2.5, 16.12132, 5.95],
			"to": [13.5, 18.12132, 8.05],
			"rotation": {"angle": 0, "axis": "y", "origin": [9.5, 17.12132, 6.975]},
			"faces": {
				"north": {"uv": [4.5, 1.75, 7.25, 2.25], "texture": "#0"},
				"east": {"uv": [1.5, 10.75, 2, 11.25], "texture": "#0"},
				"south": {"uv": [4.5, 2.25, 7.25, 2.75], "texture": "#0"},
				"west": {"uv": [10.75, 5.75, 11.25, 6.25], "texture": "#0"},
				"up": {"uv": [8, 3.25, 5.25, 2.75], "texture": "#0"},
				"down": {"uv": [8, 3.25, 5.25, 3.75], "texture": "#0"}
			}
		},
		{
			"from": [1.5, 1, 5.975],
			"to": [3.5, 17, 8.025],
			"rotation": {"angle": 0, "axis": "y", "origin": [-5.5, 1, 8]},
			"faces": {
				"north": {"uv": [1.25, 4.5, 1.75, 8.5], "texture": "#0"},
				"east": {"uv": [1.75, 4.5, 2.25, 8.5], "texture": "#0"},
				"south": {"uv": [2.25, 4.5, 2.75, 8.5], "texture": "#0"},
				"west": {"uv": [2.75, 5, 3.25, 9], "texture": "#0"},
				"up": {"uv": [11.25, 6.75, 10.75, 6.25], "texture": "#0"},
				"down": {"uv": [7.25, 10.75, 6.75, 11.25], "texture": "#0"}
			}
		},
		{
			"from": [4.5, -2, 6.475],
			"to": [11.5, 1, 7.525],
			"rotation": {"angle": 0, "axis": "y", "origin": [0.5, -2, 8]},
			"faces": {
				"north": {"uv": [5.75, 0, 7.5, 0.75], "texture": "#0"},
				"east": {"uv": [2, 10.75, 2.25, 11.5], "texture": "#0"},
				"south": {"uv": [5.75, 0.75, 7.5, 1.5], "texture": "#0"},
				"west": {"uv": [10.75, 9, 11, 9.75], "texture": "#0"},
				"up": {"uv": [11.5, 4.75, 9.75, 4.5], "texture": "#0"},
				"down": {"uv": [11.5, 4.75, 9.75, 5], "texture": "#0"}
			}
		},
		{
			"from": [6.5, -4.87868, 5.475],
			"to": [9.5, -1.87868, 8.525],
			"rotation": {"angle": 0, "axis": "y", "origin": [8, -3.37868, 7]},
			"faces": {
				"north": {"uv": [8.5, 7.5, 9.25, 8.25], "texture": "#0"},
				"east": {"uv": [8.5, 8.25, 9.25, 9], "texture": "#0"},
				"south": {"uv": [6, 8.75, 6.75, 9.5], "texture": "#0"},
				"west": {"uv": [0, 9, 0.75, 9.75], "texture": "#0"},
				"up": {"uv": [3.5, 9.75, 2.75, 9], "texture": "#0"},
				"down": {"uv": [4.25, 9, 3.5, 9.75], "texture": "#0"}
			}
		},
		{
			"name": "cube_outline",
			"from": [3, 3.3, 8.525],
			"to": [1, 0.3, 5.475],
			"rotation": {"angle": 22.5, "axis": "z", "origin": [2.25, 1.65, 7]},
			"faces": {
				"north": {"uv": [7.5, 9.25, 8, 10], "texture": "#0"},
				"east": {"uv": [9, 3.75, 9.75, 4.5], "texture": "#0"},
				"south": {"uv": [5.25, 9.75, 5.75, 10.5], "texture": "#0"},
				"west": {"uv": [4.25, 9, 5, 9.75], "texture": "#0"},
				"up": {"uv": [10.25, 7, 9.75, 6.25], "texture": "#0"},
				"down": {"uv": [8.5, 9.75, 8, 10.5], "texture": "#0"}
			}
		},
		{
			"from": [1, 0.3, 5.475],
			"to": [3, 3.3, 8.525],
			"rotation": {"angle": 22.5, "axis": "z", "origin": [2.25, 1.65, 7]},
			"faces": {
				"north": {"uv": [8.5, 9.75, 9, 10.5], "texture": "#0"},
				"east": {"uv": [9, 4.5, 9.75, 5.25], "texture": "#0"},
				"south": {"uv": [9, 9.75, 9.5, 10.5], "texture": "#0"},
				"west": {"uv": [5, 9, 5.75, 9.75], "texture": "#0"},
				"up": {"uv": [10.5, 0.75, 10, 0], "texture": "#0"},
				"down": {"uv": [1.25, 10, 0.75, 10.75], "texture": "#0"}
			}
		},
		{
			"name": "cube_outline",
			"from": [15, 3.3, 8.525],
			"to": [13, 0.3, 5.475],
			"rotation": {"angle": -22.5, "axis": "z", "origin": [13.75, 1.65, 7]},
			"faces": {
				"north": {"uv": [10, 0.75, 10.5, 1.5], "texture": "#0"},
				"east": {"uv": [9, 6.25, 9.75, 7], "texture": "#0"},
				"south": {"uv": [1.25, 10, 1.75, 10.75], "texture": "#0"},
				"west": {"uv": [8, 9, 8.75, 9.75], "texture": "#0"},
				"up": {"uv": [10.5, 2.25, 10, 1.5], "texture": "#0"},
				"down": {"uv": [2.25, 10, 1.75, 10.75], "texture": "#0"}
			}
		},
		{
			"from": [13, 0.3, 5.475],
			"to": [15, 3.3, 8.525],
			"rotation": {"angle": -22.5, "axis": "z", "origin": [13.75, 1.65, 7]},
			"faces": {
				"north": {"uv": [10, 2.25, 10.5, 3], "texture": "#0"},
				"east": {"uv": [8.75, 9, 9.5, 9.75], "texture": "#0"},
				"south": {"uv": [10, 3, 10.5, 3.75], "texture": "#0"},
				"west": {"uv": [9.25, 0, 10, 0.75], "texture": "#0"},
				"up": {"uv": [7.25, 10.75, 6.75, 10], "texture": "#0"},
				"down": {"uv": [10.5, 7, 10, 7.75], "texture": "#0"}
			}
		},
		{
			"name": "cube_outline",
			"from": [2.5, 9.95, 8.525],
			"to": [0.5, 6.95, 5.475],
			"rotation": {"angle": 0, "axis": "y", "origin": [2, 8.45, 7]},
			"faces": {
				"north": {"uv": [7.25, 10, 7.75, 10.75], "texture": "#0"},
				"east": {"uv": [0.75, 9.25, 1.5, 10], "texture": "#0"},
				"south": {"uv": [10, 7.75, 10.5, 8.5], "texture": "#0"},
				"west": {"uv": [9.25, 0.75, 10, 1.5], "texture": "#0"},
				"up": {"uv": [10, 10.75, 9.5, 10], "texture": "#0"},
				"down": {"uv": [10.5, 10, 10, 10.75], "texture": "#0"}
			}
		},
		{
			"from": [0.5, 6.95, 5.475],
			"to": [2.5, 9.95, 8.525],
			"rotation": {"angle": 0, "axis": "y", "origin": [2, 8.45, 7]},
			"faces": {
				"north": {"uv": [5.75, 10.25, 6.25, 11], "texture": "#0"},
				"east": {"uv": [1.5, 9.25, 2.25, 10], "texture": "#0"},
				"south": {"uv": [6.25, 10.25, 6.75, 11], "texture": "#0"},
				"west": {"uv": [9.25, 1.5, 10, 2.25], "texture": "#0"},
				"up": {"uv": [10.75, 7, 10.25, 6.25], "texture": "#0"},
				"down": {"uv": [10.75, 8.5, 10.25, 9.25], "texture": "#0"}
			}
		},
		{
			"name": "cube_outline",
			"from": [15.5, 9.95, 8.525],
			"to": [13.5, 6.95, 5.475],
			"rotation": {"angle": 0, "axis": "y", "origin": [14, 8.45, 7]},
			"faces": {
				"north": {"uv": [10.25, 9.25, 10.75, 10], "texture": "#0"},
				"east": {"uv": [9.25, 2.25, 10, 3], "texture": "#0"},
				"south": {"uv": [0, 10.5, 0.5, 11.25], "texture": "#0"},
				"west": {"uv": [9.25, 3, 10, 3.75], "texture": "#0"},
				"up": {"uv": [11, 0.75, 10.5, 0], "texture": "#0"},
				"down": {"uv": [11, 0.75, 10.5, 1.5], "texture": "#0"}
			}
		},
		{
			"from": [13.5, 6.95, 5.475],
			"to": [15.5, 9.95, 8.525],
			"rotation": {"angle": 0, "axis": "y", "origin": [14, 8.45, 7]},
			"faces": {
				"north": {"uv": [10.5, 1.5, 11, 2.25], "texture": "#0"},
				"east": {"uv": [6.75, 9.25, 7.5, 10], "texture": "#0"},
				"south": {"uv": [2.25, 10.5, 2.75, 11.25], "texture": "#0"},
				"west": {"uv": [9.25, 7, 10, 7.75], "texture": "#0"},
				"up": {"uv": [11, 3, 10.5, 2.25], "texture": "#0"},
				"down": {"uv": [3.25, 10.5, 2.75, 11.25], "texture": "#0"}
			}
		},
		{
			"name": "cube_outline",
			"from": [3.5, 18.55, 8.525],
			"to": [1.5, 15.55, 5.475],
			"rotation": {"angle": -45, "axis": "z", "origin": [2.5, 16.9, 7]},
			"faces": {
				"north": {"uv": [10.5, 3, 11, 3.75], "texture": "#0"},
				"east": {"uv": [9.25, 7.75, 10, 8.5], "texture": "#0"},
				"south": {"uv": [3.25, 10.5, 3.75, 11.25], "texture": "#0"},
				"west": {"uv": [6, 9.5, 6.75, 10.25], "texture": "#0"},
				"up": {"uv": [4.25, 11.25, 3.75, 10.5], "texture": "#0"},
				"down": {"uv": [11, 3.75, 10.5, 4.5], "texture": "#0"}
			}
		},
		{
			"from": [1.5, 15.55, 5.475],
			"to": [3.5, 18.55, 8.525],
			"rotation": {"angle": -45, "axis": "z", "origin": [2.5, 16.9, 7]},
			"faces": {
				"north": {"uv": [4.25, 10.5, 4.75, 11.25], "texture": "#0"},
				"east": {"uv": [9.5, 8.5, 10.25, 9.25], "texture": "#0"},
				"south": {"uv": [4.75, 10.5, 5.25, 11.25], "texture": "#0"},
				"west": {"uv": [9.5, 9.25, 10.25, 10], "texture": "#0"},
				"up": {"uv": [11, 5.75, 10.5, 5], "texture": "#0"},
				"down": {"uv": [5.75, 10.5, 5.25, 11.25], "texture": "#0"}
			}
		},
		{
			"name": "cube_outline",
			"from": [14.5, 18.55, 8.525],
			"to": [12.5, 15.55, 5.475],
			"rotation": {"angle": 45, "axis": "z", "origin": [13.5, 16.9, 7]},
			"faces": {
				"north": {"uv": [10.5, 7, 11, 7.75], "texture": "#0"},
				"east": {"uv": [0, 9.75, 0.75, 10.5], "texture": "#0"},
				"south": {"uv": [7.75, 10.5, 8.25, 11.25], "texture": "#0"},
				"west": {"uv": [2.25, 9.75, 3, 10.5], "texture": "#0"},
				"up": {"uv": [11, 8.5, 10.5, 7.75], "texture": "#0"},
				"down": {"uv": [8.75, 10.5, 8.25, 11.25], "texture": "#0"}
			}
		},
		{
			"from": [12.5, 15.55, 5.475],
			"to": [14.5, 18.55, 8.525],
			"rotation": {"angle": 45, "axis": "z", "origin": [13.5, 16.9, 7]},
			"faces": {
				"north": {"uv": [8.75, 10.5, 9.25, 11.25], "texture": "#0"},
				"east": {"uv": [3, 9.75, 3.75, 10.5], "texture": "#0"},
				"south": {"uv": [10.5, 10, 11, 10.75], "texture": "#0"},
				"west": {"uv": [3.75, 9.75, 4.5, 10.5], "texture": "#0"},
				"up": {"uv": [1, 11.5, 0.5, 10.75], "texture": "#0"},
				"down": {"uv": [1.5, 10.75, 1, 11.5], "texture": "#0"}
			}
		},
		{
			"from": [12.5, 1, 5.975],
			"to": [14.5, 17, 8.025],
			"rotation": {"angle": 0, "axis": "y", "origin": [5.5, 1, 8]},
			"faces": {
				"north": {"uv": [3.25, 5, 3.75, 9], "texture": "#0"},
				"east": {"uv": [3.75, 5, 4.25, 9], "texture": "#0"},
				"south": {"uv": [4.25, 5, 4.75, 9], "texture": "#0"},
				"west": {"uv": [4.75, 5, 5.25, 9], "texture": "#0"},
				"up": {"uv": [7.75, 11.25, 7.25, 10.75], "texture": "#0"},
				"down": {"uv": [11.25, 8.5, 10.75, 9], "texture": "#0"}
			}
		},
		{
			"from": [4.5, 15.87132, 5.7],
			"to": [11.5, 18.37132, 8.3],
			"rotation": {"angle": 0, "axis": "y", "origin": [9.5, 17.12132, 6.975]},
			"faces": {
				"north": {"uv": [6, 3.75, 7.75, 4.5], "texture": "#0"},
				"east": {"uv": [9.75, 3.75, 10.5, 4.5], "texture": "#0"},
				"south": {"uv": [6, 4.5, 7.75, 5.25], "texture": "#0"},
				"west": {"uv": [4.5, 9.75, 5.25, 10.5], "texture": "#0"},
				"up": {"uv": [7.75, 6, 6, 5.25], "texture": "#0"},
				"down": {"uv": [7.75, 6, 6, 6.75], "texture": "#0"}
			}
		}
	],
	"gui_light": "front",
	"display": {
		"thirdperson_righthand": {
			"rotation": [30.75, -11.75, 0.17],
			"translation": [0.5, -1, -1.5]
		},
		"thirdperson_lefthand": {
			"rotation": [30.75, -11.75, 0.17],
			"translation": [0.5, -1, -1.5]
		},
		"firstperson_righthand": {
			"rotation": [-1.95, -0.64, 3.5],
			"translation": [-2.75, 0.25, 0],
			"scale": [0.8, 0.8, 0.8]
		},
		"firstperson_lefthand": {
			"rotation": [-1.95, -0.64, 3.5],
			"translation": [-2.75, 0.25, 0],
			"scale": [0.8, 0.8, 0.8]
		},
		"ground": {
			"rotation": [22.5, 0, 0],
			"translation": [0, 6.5, 0.25],
			"scale": [0.5, 0.5, 0.5]
		},
		"gui": {
			"rotation": [0, -180, 0],
			"translation": [0.25, 0.75, 0],
			"scale": [0.7, 0.7, 0.7]
		},
		"head": {
			"rotation": [90, 0, 0],
			"translation": [0, 11.75, -3]
		},
		"fixed": {
			"translation": [0, 1, -0.25],
			"scale": [0.9, 0.9, 0.9]
		}
	},
	"groups": [
		{
			"name": "shield",
			"origin": [9.5, 17.12132, 6.975],
			"color": 0,
			"children": [0, 1, 2, 3, 4, 5, 6, 7, 8, 9, 10, 11, 12, 13, 14, 15, 16, 17, 18, 19, 20, 21, 22, 23, 24, 25]
		}
	]
}