{"credit":"MadebyJeqo","texture_size":[64,64],"textures":{"4":"gem_set:purple_gem_bows"},"elements":[{"from":[7.525,3.5,2.5],"to":[8.475,6.5,23.5],"rotation":{"angle":0,"axis":"y","origin":[8.01,2.49,11.51]},"faces":{"north":{"uv":[5.25,0.75,5.5,1.5],"texture":"#4"},"east":{"uv":[0,0,5.25,0.75],"texture":"#4"},"south":{"uv":[2.75,5.5,3,6.25],"texture":"#4"},"west":{"uv":[0,0.75,5.25,1.5],"texture":"#4"},"up":{"uv":[3.25,8.25,3,3],"texture":"#4"},"down":{"uv":[3.5,3,3.25,8.25],"texture":"#4"}}},{"from":[6.498,8.498,3.498],"to":[9.502,10.502,7.502],"rotation":{"angle":0,"axis":"y","origin":[7.5,10.5,5.5]},"faces":{"north":{"uv":[8.5,4.5,9.25,5],"texture":"#4"},"east":{"uv":[7.75,8.25,8.75,8.75],"texture":"#4"},"south":{"uv":[8.5,5,9.25,5.5],"texture":"#4"},"west":{"uv":[0,8.5,1,9],"texture":"#4"},"up":{"uv":[1.75,7,1,6],"texture":"#4"},"down":{"uv":[7,2.75,6.25,3.75],"texture":"#4"}}},{"from":[6.999,10.499,4.499],"to":[9.001,16.501,6.501],"rotation":{"angle":22.5,"axis":"x","origin":[8,10.5,4.5]},"faces":{"north":{"uv":[2.5,6.5,3,8],"texture":"#4"},"east":{"uv":[1,7,1.5,8.5],"texture":"#4"},"south":{"uv":[5.75,7,6.25,8.5],"texture":"#4"},"west":{"uv":[6.25,7,6.75,8.5],"texture":"#4"},"up":{"uv":[9,7.75,8.5,7.25],"texture":"#4"},"down":{"uv":[9,7.75,8.5,8.25],"texture":"#4"}}},{"from":[6.75,1.5,4.25],"to":[9.25,8.5,6.75],"rotation":{"angle":0,"axis":"y","origin":[8.01,2.49,11.51]},"faces":{"north":{"uv":[0,3,0.75,4.75],"texture":"#4"},"east":{"uv":[0.75,3,1.5,4.75],"texture":"#4"},"south":{"uv":[1.5,3,2.25,4.75],"texture":"#4"},"west":{"uv":[2.25,3,3,4.75],"texture":"#4"},"up":{"uv":[8.5,5,7.75,4.25],"texture":"#4"},"down":{"uv":[8.5,6.75,7.75,7.5],"texture":"#4"}}},{"from":[6.498,-0.502,3.498],"to":[9.502,1.502,7.502],"rotation":{"angle":0,"axis":"y","origin":[7.5,-0.5,5.5]},"faces":{"north":{"uv":[8.5,5.5,9.25,6],"texture":"#4"},"east":{"uv":[8.5,0.5,9.5,1],"texture":"#4"},"south":{"uv":[5.75,8.5,6.5,9],"texture":"#4"},"west":{"uv":[1,8.5,2,9],"texture":"#4"},"up":{"uv":[4.25,7.75,3.5,6.75],"texture":"#4"},"down":{"uv":[7.5,6.25,6.75,7.25],"texture":"#4"}}},{"from":[6.999,-6.501,4.499],"to":[9.001,-0.499,6.501],"rotation":{"angle":-22.5,"axis":"x","origin":[8,-0.5,4.5]},"faces":{"north":{"uv":[7.25,0.75,7.75,2.25],"texture":"#4"},"east":{"uv":[7.25,2.25,7.75,3.75],"texture":"#4"},"south":{"uv":[7.25,3.75,7.75,5.25],"texture":"#4"},"west":{"uv":[4.25,7.25,4.75,8.75],"texture":"#4"},"up":{"uv":[5.5,9.25,5,8.75],"texture":"#4"},"down":{"uv":[7,8.75,6.5,9.25],"texture":"#4"}}},{"from":[7,1.5,4.5],"to":[9,8.5,6.5],"rotation":{"angle":0,"axis":"y","origin":[8.01,2.49,11.51]},"faces":{"north":{"uv":[2.25,4.75,2.75,6.5],"texture":"#4"},"east":{"uv":[5.25,2.75,5.75,4.5],"texture":"#4"},"south":{"uv":[5.25,4.5,5.75,6.25],"texture":"#4"},"west":{"uv":[5.5,0,6,1.75],"texture":"#4"},"up":{"uv":[2.25,6.5,1.75,6],"texture":"#4"},"down":{"uv":[9,6.75,8.5,7.25],"texture":"#4"}}},{"from":[6.497,-5.7786,5.6424],"to":[9.501,-2.7746,9.6464],"rotation":{"angle":-22.5,"axis":"x","origin":[6.999,-5.2766,8.6444]},"faces":{"north":{"uv":[7.75,0.5,8.5,1.25],"texture":"#4"},"east":{"uv":[5.75,6.25,6.75,7],"texture":"#4"},"south":{"uv":[7.75,1.25,8.5,2],"texture":"#4"},"west":{"uv":[6.5,0,7.5,0.75],"texture":"#4"},"up":{"uv":[7.25,1.75,6.5,0.75],"texture":"#4"},"down":{"uv":[2.5,6.5,1.75,7.5],"texture":"#4"}}},{"from":[7,-6.04458,6.79556],"to":[9,-4.04458,13.79556],"rotation":{"angle":45,"axis":"x","origin":[7.999,-6.04458,6.79556]},"faces":{"north":{"uv":[2,8.75,2.5,9.25],"texture":"#4"},"east":{"uv":[5.5,1.75,7.25,2.25],"texture":"#4"},"south":{"uv":[2.5,8.75,3,9.25],"texture":"#4"},"west":{"uv":[5.5,2.25,7.25,2.75],"texture":"#4"},"up":{"uv":[5,7.25,4.5,5.5],"texture":"#4"},"down":{"uv":[6.25,2.75,5.75,4.5],"texture":"#4"}}},{"from":[7,-6.04458,14.79556],"to":[9,-4.04458,15.79556],"rotation":{"angle":45,"axis":"x","origin":[7.999,-6.04458,6.79556]},"faces":{"north":{"uv":[4,8.75,4.5,9.25],"texture":"#4"},"east":{"uv":[5,5.5,5.25,6],"texture":"#4"},"south":{"uv":[4.5,8.75,5,9.25],"texture":"#4"},"west":{"uv":[4.25,6.75,4.5,7.25],"texture":"#4"},"up":{"uv":[5.25,3,4.75,2.75],"texture":"#4"},"down":{"uv":[3.5,8.25,3,8.5],"texture":"#4"}}},{"from":[6.5,-6.54458,13.79556],"to":[9.5,-3.54458,14.79556],"rotation":{"angle":45,"axis":"x","origin":[7.999,-6.04458,6.79556]},"faces":{"north":{"uv":[7.75,2,8.5,2.75],"texture":"#4"},"east":{"uv":[2.75,4.75,3,5.5],"texture":"#4"},"south":{"uv":[7.75,2.75,8.5,3.5],"texture":"#4"},"west":{"uv":[5.25,0,5.5,0.75],"texture":"#4"},"up":{"uv":[8.5,5.25,7.75,5],"texture":"#4"},"down":{"uv":[2.25,8.25,1.5,8.5],"texture":"#4"}}},{"from":[8,-14.47656,9.21333],"to":[8,-8.47656,11.21333],"rotation":{"angle":0,"axis":"y","origin":[8,-9.47656,8.56333]},"faces":{"north":{"uv":[0,0,0,1.5],"texture":"#4"},"east":{"uv":[6.75,7.25,7.25,8.75],"texture":"#4"},"south":{"uv":[0,0,0,1.5],"texture":"#4"},"west":{"uv":[7.25,7.25,7.75,8.75],"texture":"#4"},"up":{"uv":[0,0.5,0,0],"texture":"#4"},"down":{"uv":[0,0,0,0.5],"texture":"#4"}}},{"from":[8,-12.22656,5.81333],"to":[8,-7.22656,8.81333],"rotation":{"angle":22.5,"axis":"x","origin":[8,-9.47656,8.56333]},"faces":{"north":{"uv":[0,0,0,1.25],"texture":"#4"},"east":{"uv":[0,4.75,0.75,6],"texture":"#4"},"south":{"uv":[0,0,0,1.25],"texture":"#4"},"west":{"uv":[0.75,4.75,1.5,6],"texture":"#4"},"up":{"uv":[0,0.75,0,0],"texture":"#4"},"down":{"uv":[0,0,0,0.75],"texture":"#4"}}},{"from":[5.997,-5.7374,6.33584],"to":[10.001,-3.7334,8.33984],"rotation":{"angle":22.5,"axis":"x","origin":[7.999,-4.7354,7.33784]},"faces":{"north":{"uv":[8.5,1,9.5,1.5],"texture":"#4"},"east":{"uv":[8.5,8.75,9,9.25],"texture":"#4"},"south":{"uv":[8.5,1.5,9.5,2],"texture":"#4"},"west":{"uv":[0,9,0.5,9.5],"texture":"#4"},"up":{"uv":[9.5,2.5,8.5,2],"texture":"#4"},"down":{"uv":[9.5,2.5,8.5,3],"texture":"#4"}}},{"from":[8.025,-9.31235,11.30597],"to":[8.025,-7.31235,17.30597],"rotation":{"angle":-22.5,"axis":"x","origin":[8.025,-7.81235,12.80597]},"faces":{"north":{"uv":[0,0,0,0.5],"texture":"#4"},"east":{"uv":[7,5.25,8.5,5.75],"texture":"#4"},"south":{"uv":[0,0,0,0.5],"texture":"#4"},"west":{"uv":[7,5.75,8.5,6.25],"texture":"#4"},"up":{"uv":[0,1.5,0,0],"texture":"#4"},"down":{"uv":[0,0,0,1.5],"texture":"#4"}}},{"from":[6.497,13.61686,5.41011],"to":[9.501,16.62086,9.41411],"rotation":{"angle":22.5,"axis":"x","origin":[7.499,15.11886,6.41211]},"faces":{"north":{"uv":[1.5,7.5,2.25,8.25],"texture":"#4"},"east":{"uv":[6.25,3.75,7.25,4.5],"texture":"#4"},"south":{"uv":[0,7.75,0.75,8.5],"texture":"#4"},"west":{"uv":[6.25,4.5,7.25,5.25],"texture":"#4"},"up":{"uv":[5.75,7.25,5,6.25],"texture":"#4"},"down":{"uv":[7,5.25,6.25,6.25],"texture":"#4"}}},{"from":[7,16.04458,6.79556],"to":[9,23.04458,8.79556],"rotation":{"angle":45,"axis":"x","origin":[7.999,16.04458,6.79556]},"faces":{"north":{"uv":[5.75,4.5,6.25,6.25],"texture":"#4"},"east":{"uv":[0,6,0.5,7.75],"texture":"#4"},"south":{"uv":[6,0,6.5,1.75],"texture":"#4"},"west":{"uv":[0.5,6,1,7.75],"texture":"#4"},"up":{"uv":[7.5,9.25,7,8.75],"texture":"#4"},"down":{"uv":[8,8.75,7.5,9.25],"texture":"#4"}}},{"from":[7,24.04458,6.79556],"to":[9,25.04458,8.79556],"rotation":{"angle":45,"axis":"x","origin":[7.999,16.04458,6.79556]},"faces":{"north":{"uv":[9,6.25,9.5,6.5],"texture":"#4"},"east":{"uv":[9,6.5,9.5,6.75],"texture":"#4"},"south":{"uv":[9,6.75,9.5,7],"texture":"#4"},"west":{"uv":[9,7,9.5,7.25],"texture":"#4"},"up":{"uv":[8.5,9.25,8,8.75],"texture":"#4"},"down":{"uv":[9.25,8.25,8.75,8.75],"texture":"#4"}}},{"from":[6.5,23.04458,6.29556],"to":[9.5,24.04458,9.29556],"rotation":{"angle":45,"axis":"x","origin":[7.999,16.04458,6.79556]},"faces":{"north":{"uv":[8.5,6,9.25,6.25],"texture":"#4"},"east":{"uv":[1,9,1.75,9.25],"texture":"#4"},"south":{"uv":[3,9,3.75,9.25],"texture":"#4"},"west":{"uv":[5.5,9,6.25,9.25],"texture":"#4"},"up":{"uv":[4.25,8.5,3.5,7.75],"texture":"#4"},"down":{"uv":[8.5,3.5,7.75,4.25],"texture":"#4"}}},{"from":[8,18.47656,9.21333],"to":[8,24.47656,11.21333],"rotation":{"angle":0,"axis":"y","origin":[8,19.47656,8.56333]},"faces":{"north":{"uv":[0,0,0,1.5],"texture":"#4"},"east":{"uv":[4.75,7.25,5.25,8.75],"texture":"#4"},"south":{"uv":[0,0,0,1.5],"texture":"#4"},"west":{"uv":[5.25,7.25,5.75,8.75],"texture":"#4"},"up":{"uv":[0,0.5,0,0],"texture":"#4"},"down":{"uv":[0,0,0,0.5],"texture":"#4"}}},{"from":[8,17.22656,5.81333],"to":[8,22.22656,8.81333],"rotation":{"angle":-22.5,"axis":"x","origin":[8,19.47656,8.56333]},"faces":{"north":{"uv":[0,0,0,1.25],"texture":"#4"},"east":{"uv":[4.5,3,5.25,4.25],"texture":"#4"},"south":{"uv":[0,0,0,1.25],"texture":"#4"},"west":{"uv":[4.5,4.25,5.25,5.5],"texture":"#4"},"up":{"uv":[0,0.75,0,0],"texture":"#4"},"down":{"uv":[0,0,0,0.75],"texture":"#4"}}},{"from":[5.997,13.73418,6.33399],"to":[10.001,15.73818,8.33799],"rotation":{"angle":-22.5,"axis":"x","origin":[7.999,14.73618,7.33599]},"faces":{"north":{"uv":[3,8.5,4,9],"texture":"#4"},"east":{"uv":[9,0,9.5,0.5],"texture":"#4"},"south":{"uv":[8.5,3,9.5,3.5],"texture":"#4"},"west":{"uv":[0.5,9,1,9.5],"texture":"#4"},"up":{"uv":[9.5,4,8.5,3.5],"texture":"#4"},"down":{"uv":[9.5,4,8.5,4.5],"texture":"#4"}}},{"from":[8.025,17.56235,13.80597],"to":[8.025,19.56235,19.80597],"rotation":{"angle":22.5,"axis":"x","origin":[8.025,23.81235,12.80597]},"faces":{"north":{"uv":[0,0,0,0.5],"texture":"#4"},"east":{"uv":[7.5,0,9,0.5],"texture":"#4"},"south":{"uv":[0,0,0,0.5],"texture":"#4"},"west":{"uv":[7.5,6.25,9,6.75],"texture":"#4"},"up":{"uv":[0,1.5,0,0],"texture":"#4"},"down":{"uv":[0,0,0,1.5],"texture":"#4"}}},{"name":"top","from":[7.999,3.37301,10.95241],"to":[7.999,18.37301,11.95241],"rotation":{"angle":0,"axis":"y","origin":[7.999,17.87301,11.45241]},"faces":{"north":{"uv":[0,0,0,3.75],"texture":"#4"},"east":{"uv":[4,3,4.25,6.75],"texture":"#4"},"south":{"uv":[0,0,0,3.75],"texture":"#4"},"west":{"uv":[4.25,3,4.5,6.75],"texture":"#4"},"up":{"uv":[0,0.25,0,0],"texture":"#4"},"down":{"uv":[0,0,0,0.25],"texture":"#4"}}},{"name":"bottom","from":[7.998,-8.37301,10.95241],"to":[7.998,6.62699,11.95241],"rotation":{"angle":0,"axis":"y","origin":[7.998,-7.87301,11.45241]},"faces":{"north":{"uv":[0,0,0,3.75],"texture":"#4"},"east":{"uv":[3.5,3,3.75,6.75],"texture":"#4"},"south":{"uv":[0,0,0,3.75],"texture":"#4"},"west":{"uv":[3.75,3,4,6.75],"texture":"#4"},"up":{"uv":[0,0.25,0,0],"texture":"#4"},"down":{"uv":[0,0,0,0.25],"texture":"#4"}}}],"gui_light":"front","display":{"thirdperson_righthand":{"rotation":[0.74,-14.04,-84.05],"translation":[2.5,0.75,-0.75],"scale":[0.7,0.7,0.7]},"thirdperson_lefthand":{"rotation":[0.74,-14.04,-84.05],"translation":[2.5,0.75,-0.75],"scale":[0.7,0.7,0.7]},"firstperson_righthand":{"rotation":[0,-12,-90],"translation":[1.25,1.5,0],"scale":[0.4,0.4,0.4]},"firstperson_lefthand":{"rotation":[0,-12,-90],"translation":[1.25,1.5,0],"scale":[0.4,0.4,0.4]},"ground":{"rotation":[45,0,0],"translation":[0,10,0],"scale":[0.5,0.5,0.5]},"gui":{"rotation":[90,45,-90],"translation":[0.5,2.5,0],"scale":[0.6,0.6,0.6]},"head":{"rotation":[0,0,-90],"translation":[-1,9,0.75],"scale":[0.6,0.6,0.6]},"fixed":{"rotation":[90,-45,90],"translation":[-0.5,2.5,-1.25],"scale":[0.7,0.7,0.7]}},"groups":[{"name":"crossbow","origin":[8.01,2.49,11.51],"color":0,"children":[{"name":"handle","origin":[8,-0.5,4.5],"color":0,"children":[0,1,2,3,4,5,6]},{"name":"extras","origin":[8.025,23.81235,12.80597],"color":0,"children":[{"name":"bottom","origin":[8.025,-7.81235,12.80597],"color":0,"children":[7,8,9,10,11,12,13,14]},{"name":"top","origin":[8.025,23.81235,12.80597],"color":0,"children":[15,16,17,18,19,20,21,22]}]},{"name":"string","origin":[7.998,-7.87301,11.45241],"color":0,"children":[23,24]}]}]}