{
	"credit": "Made by PolygonMC",
	"textures": {
		"0": "beatsset:key",
		"particle": "beatsset:key"
	},
	"elements": [
		{
			"from": [7.25, 7, 9.875],
			"to": [8.75, 9, 12.875],
			"rotation": {"angle": 0, "axis": "y", "origin": [8, 8, 10.875]},
			"faces": {
				"north": {"uv": [8, 0, 9.5, 2], "texture": "#0"},
				"east": {"uv": [3, 0, 6, 2], "texture": "#0"},
				"south": {"uv": [8, 2, 9.5, 4], "texture": "#0"},
				"west": {"uv": [3, 2, 6, 4], "texture": "#0"},
				"up": {"uv": [7.5, 6, 6, 3], "texture": "#0"},
				"down": {"uv": [6.5, 6, 5, 9], "texture": "#0"}
			}
		},
		{
			"from": [7.25, 7, 3.375],
			"to": [8.75, 9, 5.875],
			"rotation": {"angle": 0, "axis": "y", "origin": [8, 8, 10.875]},
			"faces": {
				"north": {"uv": [8, 4, 9.5, 6], "texture": "#0"},
				"east": {"uv": [3, 4, 5.5, 6], "texture": "#0"},
				"south": {"uv": [2, 9, 3.5, 11], "texture": "#0"},
				"west": {"uv": [0, 6, 2.5, 8], "texture": "#0"},
				"up": {"uv": [8.5, 8.5, 7, 6], "texture": "#0"},
				"down": {"uv": [1.5, 8, 0, 10.5], "texture": "#0"}
			}
		},
		{
			"from": [7.75, 6.5, 10.875],
			"to": [8.25, 9.5, 13.375],
			"rotation": {"angle": 0, "axis": "y", "origin": [8, 8, 10.875]},
			"faces": {
				"north": {"uv": [9, 8, 9.5, 11], "texture": "#0"},
				"east": {"uv": [0, 0, 2.5, 3], "texture": "#0"},
				"south": {"uv": [10, 0, 10.5, 3], "texture": "#0"},
				"west": {"uv": [0, 3, 2.5, 6], "texture": "#0"},
				"up": {"uv": [10.5, 5.5, 10, 3], "texture": "#0"},
				"down": {"uv": [4.5, 10, 4, 12.5], "texture": "#0"}
			}
		},
		{
			"from": [7, 7.75, 2.875],
			"to": [9, 8.25, 5.375],
			"rotation": {"angle": 0, "axis": "z", "origin": [8, 8, 3.625]},
			"faces": {
				"north": {"uv": [0, 11, 2, 11.5], "texture": "#0"},
				"east": {"uv": [5, 10, 7.5, 10.5], "texture": "#0"},
				"south": {"uv": [11, 0, 13, 0.5], "texture": "#0"},
				"west": {"uv": [10, 6, 12.5, 6.5], "texture": "#0"},
				"up": {"uv": [8, 2.5, 6, 0], "texture": "#0"},
				"down": {"uv": [5, 6, 3, 8.5], "texture": "#0"}
			}
		},
		{
			"from": [7.5, 7.5, 5.875],
			"to": [8.5, 8.5, 6.875],
			"rotation": {"angle": -45, "axis": "z", "origin": [8, 8, 8.875]},
			"faces": {
				"east": {"uv": [2, 8, 3, 9], "texture": "#0"},
				"south": {"uv": [10, 7, 11, 8], "texture": "#0"},
				"west": {"uv": [10, 8, 11, 9], "texture": "#0"},
				"up": {"uv": [11, 10, 10, 9], "texture": "#0"},
				"down": {"uv": [11, 10, 10, 11], "texture": "#0"}
			}
		},
		{
			"from": [7.6, 7.6, 6.875],
			"to": [8.4, 8.4, 8.875],
			"rotation": {"angle": -45, "axis": "z", "origin": [8, 8, 8.875]},
			"faces": {
				"east": {"uv": [4, 9, 6, 10], "texture": "#0"},
				"west": {"uv": [6, 9, 8, 10], "texture": "#0"},
				"up": {"uv": [10, 8, 9, 6], "texture": "#0"},
				"down": {"uv": [9, 9, 8, 11], "texture": "#0"}
			}
		},
		{
			"from": [7.5, 7.5, 8.875],
			"to": [8.5, 8.5, 9.875],
			"rotation": {"angle": -45, "axis": "z", "origin": [8, 8, 8.875]},
			"faces": {
				"north": {"uv": [11, 1, 12, 2], "texture": "#0"},
				"east": {"uv": [2, 11, 3, 12], "texture": "#0"},
				"west": {"uv": [11, 2, 12, 3], "texture": "#0"},
				"up": {"uv": [4, 12, 3, 11], "texture": "#0"},
				"down": {"uv": [12, 3, 11, 4], "texture": "#0"}
			}
		},
		{
			"from": [7.75, 6, 3.625],
			"to": [8.25, 7, 4.125],
			"rotation": {"angle": 0, "axis": "y", "origin": [7.25, 5, 3.375]},
			"faces": {
				"north": {"uv": [11, 4, 11.5, 5], "texture": "#0"},
				"east": {"uv": [5, 11, 5.5, 12], "texture": "#0"},
				"south": {"uv": [11, 5, 11.5, 6], "texture": "#0"},
				"west": {"uv": [6, 11, 6.5, 12], "texture": "#0"},
				"down": {"uv": [11.5, 10, 11, 10.5], "texture": "#0"}
			}
		},
		{
			"from": [7.75, 6.5, 4.125],
			"to": [8.25, 7, 5.125],
			"rotation": {"angle": 0, "axis": "y", "origin": [7.25, 5, 3.375]},
			"faces": {
				"north": {"uv": [11, 11, 11.5, 11.5], "texture": "#0"},
				"east": {"uv": [7, 11, 8, 11.5], "texture": "#0"},
				"south": {"uv": [0, 12, 0.5, 12.5], "texture": "#0"},
				"west": {"uv": [11, 7, 12, 7.5], "texture": "#0"},
				"down": {"uv": [8.5, 11, 8, 12], "texture": "#0"}
			}
		},
		{
			"from": [7.75, 6, 5.125],
			"to": [8.25, 7, 5.625],
			"rotation": {"angle": 0, "axis": "y", "origin": [7.25, 5, 3.375]},
			"faces": {
				"north": {"uv": [11, 8, 11.5, 9], "texture": "#0"},
				"east": {"uv": [9, 11, 9.5, 12], "texture": "#0"},
				"south": {"uv": [11, 9, 11.5, 10], "texture": "#0"},
				"west": {"uv": [10, 11, 10.5, 12], "texture": "#0"},
				"down": {"uv": [1.5, 12, 1, 12.5], "texture": "#0"}
			}
		}
	],
	"gui_light": "front",
	"display": {
		"thirdperson_righthand": {
			"rotation": [85.5, 0, 0],
			"translation": [0, 3.5, 0]
		},
		"thirdperson_lefthand": {
			"rotation": [85.5, 0, 0],
			"translation": [0, 3.5, 0]
		},
		"firstperson_righthand": {
			"rotation": [64.75, 0, -31],
			"translation": [-1.25, 6.75, 2.25]
		},
		"firstperson_lefthand": {
			"rotation": [64.75, 0, -31],
			"translation": [-1.25, 6.75, 2.25]
		},
		"ground": {
			"rotation": [45, 0, 0],
			"translation": [0, 5.5, 0]
		},
		"gui": {
			"rotation": [-90, 135, 90],
			"translation": [-0.25, 0.75, 0],
			"scale": [1.83984, 1.83984, 1.83984]
		},
		"head": {
			"rotation": [90, -45, 90],
			"scale": [1.40625, 1.40625, 1.40625]
		},
		"fixed": {
			"rotation": [90, -45, 90],
			"translation": [0.5, 0.75, -1.5],
			"scale": [1.9082, 1.9082, 1.9082]
		}
	}
}