{
	"credit": "Made by PolygonMC",
	"texture_size": [8, 8],
	"textures": {
		"1": "beatsset:animations/animations_02",
		"2": "beatsset:animations/animations_01",
		"3": "beatsset:animations/animations_04",
		"4": "beatsset:animations/animations_07",
		"7": "beatsset:staff",
		"particle": "beatsset:animations/animations_04"
	},
	"elements": [
		{
			"from": [7.5, 0.75, 7.5],
			"to": [8.5, 2.75, 8.5],
			"rotation": {"angle": 0, "axis": "y", "origin": [7.5, -0.75, 7.5]},
			"faces": {
				"north": {"uv": [6.66667, 5.33333, 7.33333, 6.66667], "texture": "#7"},
				"east": {"uv": [6.66667, 6.66667, 7.33333, 8], "texture": "#7"},
				"south": {"uv": [0, 7.33333, 0.66667, 8.66667], "texture": "#7"},
				"west": {"uv": [7.33333, 0, 8, 1.33333], "texture": "#7"},
				"up": {"uv": [10, 4.66667, 9.33333, 4], "texture": "#7"}
			}
		},
		{
			"from": [7.6, 2.75, 7.6],
			"to": [8.4, 4.25, 8.4],
			"rotation": {"angle": 0, "axis": "y", "origin": [7.5, -0.25, 7.5]},
			"faces": {
				"north": {"uv": [1.33333, 8.66667, 2, 9.66667], "texture": "#7"},
				"east": {"uv": [8.66667, 1.33333, 9.33333, 2.33333], "texture": "#7"},
				"south": {"uv": [8.66667, 2.66667, 9.33333, 3.66667], "texture": "#7"},
				"west": {"uv": [8.66667, 4, 9.33333, 5], "texture": "#7"}
			}
		},
		{
			"from": [7.5, 4.25, 7.5],
			"to": [8.5, 6.25, 8.5],
			"rotation": {"angle": 0, "axis": "y", "origin": [7.5, -0.25, 7.5]},
			"faces": {
				"north": {"uv": [0.66667, 7.33333, 1.33333, 8.66667], "texture": "#7"},
				"east": {"uv": [1.33333, 7.33333, 2, 8.66667], "texture": "#7"},
				"south": {"uv": [7.33333, 1.33333, 8, 2.66667], "texture": "#7"},
				"west": {"uv": [7.33333, 5.33333, 8, 6.66667], "texture": "#7"},
				"down": {"uv": [5.33333, 9.33333, 4.66667, 10], "texture": "#7"}
			}
		},
		{
			"from": [7.4, 1.25, 7.4],
			"to": [8.6, 1.75, 8.6],
			"rotation": {"angle": 0, "axis": "y", "origin": [7.5, 0.25, 7.5]},
			"faces": {
				"north": {"uv": [10.66667, 0, 11.33333, 0.33333], "texture": "#7"},
				"east": {"uv": [10.66667, 0.66667, 11.33333, 1], "texture": "#7"},
				"south": {"uv": [1.33333, 10.66667, 2, 11], "texture": "#7"},
				"west": {"uv": [10.66667, 1.33333, 11.33333, 1.66667], "texture": "#7"},
				"up": {"uv": [10, 5.33333, 9.33333, 4.66667], "texture": "#7"},
				"down": {"uv": [6, 9.33333, 5.33333, 10], "texture": "#7"}
			}
		},
		{
			"from": [7.4, 5.25, 7.4],
			"to": [8.6, 5.75, 8.6],
			"rotation": {"angle": 0, "axis": "y", "origin": [7.5, 1.25, 7.5]},
			"faces": {
				"north": {"uv": [2, 10.66667, 2.66667, 11], "texture": "#7"},
				"east": {"uv": [10.66667, 2, 11.33333, 2.33333], "texture": "#7"},
				"south": {"uv": [2.66667, 10.66667, 3.33333, 11], "texture": "#7"},
				"west": {"uv": [10.66667, 2.66667, 11.33333, 3], "texture": "#7"},
				"up": {"uv": [6.66667, 10, 6, 9.33333], "texture": "#7"},
				"down": {"uv": [7.33333, 9.33333, 6.66667, 10], "texture": "#7"}
			}
		},
		{
			"from": [7.5, 13.75, 7.5],
			"to": [8.5, 15.75, 8.5],
			"rotation": {"angle": 0, "axis": "y", "origin": [7.5, -0.25, 7.5]},
			"faces": {
				"north": {"uv": [0.66667, 7.33333, 1.33333, 8.66667], "texture": "#7"},
				"east": {"uv": [1.33333, 7.33333, 2, 8.66667], "texture": "#7"},
				"south": {"uv": [7.33333, 1.33333, 8, 2.66667], "texture": "#7"},
				"west": {"uv": [7.33333, 5.33333, 8, 6.66667], "texture": "#7"},
				"up": {"uv": [12.33333, 0, 13, 0.66667], "texture": "#7"},
				"down": {"uv": [5.33333, 9.33333, 4.66667, 10], "texture": "#7"}
			}
		},
		{
			"from": [7.4, 14.75, 7.4],
			"to": [8.6, 15.25, 8.6],
			"rotation": {"angle": 0, "axis": "y", "origin": [7.5, 1.25, 7.5]},
			"faces": {
				"north": {"uv": [2, 10.66667, 2.66667, 11], "texture": "#7"},
				"east": {"uv": [10.66667, 2, 11.33333, 2.33333], "texture": "#7"},
				"south": {"uv": [2.66667, 10.66667, 3.33333, 11], "texture": "#7"},
				"west": {"uv": [10.66667, 2.66667, 11.33333, 3], "texture": "#7"},
				"up": {"uv": [6.66667, 10, 6, 9.33333], "texture": "#7"},
				"down": {"uv": [7.33333, 9.33333, 6.66667, 10], "texture": "#7"}
			}
		},
		{
			"from": [7.6, 12.25, 7.6],
			"to": [8.4, 13.75, 8.4],
			"rotation": {"angle": 0, "axis": "y", "origin": [7.5, -0.25, 7.5]},
			"faces": {
				"north": {"uv": [1.33333, 8.66667, 2, 9.66667], "texture": "#7"},
				"east": {"uv": [8.66667, 1.33333, 9.33333, 2.33333], "texture": "#7"},
				"south": {"uv": [8.66667, 2.66667, 9.33333, 3.66667], "texture": "#7"},
				"west": {"uv": [8.66667, 4, 9.33333, 5], "texture": "#7"}
			}
		},
		{
			"from": [7.5, 10.25, 7.5],
			"to": [8.5, 12.25, 8.5],
			"rotation": {"angle": 0, "axis": "y", "origin": [7.5, -0.75, 7.5]},
			"faces": {
				"north": {"uv": [6.66667, 5.33333, 7.33333, 6.66667], "texture": "#7"},
				"east": {"uv": [6.66667, 6.66667, 7.33333, 8], "texture": "#7"},
				"south": {"uv": [0, 7.33333, 0.66667, 8.66667], "texture": "#7"},
				"west": {"uv": [7.33333, 0, 8, 1.33333], "texture": "#7"},
				"up": {"uv": [10, 4.66667, 9.33333, 4], "texture": "#7"}
			}
		},
		{
			"from": [7.4, 10.75, 7.4],
			"to": [8.6, 11.25, 8.6],
			"rotation": {"angle": 0, "axis": "y", "origin": [7.5, 0.25, 7.5]},
			"faces": {
				"north": {"uv": [10.66667, 0, 11.33333, 0.33333], "texture": "#7"},
				"east": {"uv": [10.66667, 0.66667, 11.33333, 1], "texture": "#7"},
				"south": {"uv": [1.33333, 10.66667, 2, 11], "texture": "#7"},
				"west": {"uv": [10.66667, 1.33333, 11.33333, 1.66667], "texture": "#7"},
				"up": {"uv": [10, 5.33333, 9.33333, 4.66667], "texture": "#7"},
				"down": {"uv": [6, 9.33333, 5.33333, 10], "texture": "#7"}
			}
		},
		{
			"from": [7.405, -0.095, 7.405],
			"to": [8.595, 1.095, 8.595],
			"rotation": {"angle": 45, "axis": "x", "origin": [8, 0.5, 8]},
			"faces": {
				"north": {"uv": [7.33333, 9.33333, 8, 10], "texture": "#7"},
				"east": {"uv": [8, 9.33333, 8.66667, 10], "texture": "#7"},
				"south": {"uv": [9.33333, 8, 10, 8.66667], "texture": "#7"},
				"west": {"uv": [8.66667, 9.33333, 9.33333, 10], "texture": "#7"},
				"up": {"uv": [10, 9.33333, 9.33333, 8.66667], "texture": "#7"},
				"down": {"uv": [10, 9.33333, 9.33333, 10], "texture": "#7"}
			}
		},
		{
			"from": [7.205, 0.105, 7.605],
			"to": [8.795, 0.895, 8.395],
			"rotation": {"angle": 45, "axis": "x", "origin": [8, 0.5, 8]},
			"faces": {
				"north": {"uv": [8.66667, 5.33333, 9.66667, 6], "texture": "#7"},
				"east": {"uv": [0, 10, 0.66667, 10.66667], "texture": "#7"},
				"south": {"uv": [8.66667, 6, 9.66667, 6.66667], "texture": "#7"},
				"west": {"uv": [10, 0, 10.66667, 0.66667], "texture": "#7"},
				"up": {"uv": [9.66667, 7.33333, 8.66667, 6.66667], "texture": "#7"},
				"down": {"uv": [9.66667, 7.33333, 8.66667, 8], "texture": "#7"}
			}
		},
		{
			"from": [7.25, 17, 7.25],
			"to": [8.75, 19, 9.25],
			"rotation": {"angle": -45, "axis": "x", "origin": [8, 17.75, 8]},
			"faces": {
				"north": {"uv": [2.66667, 5.33333, 3.66667, 6.66667], "texture": "#7"},
				"east": {"uv": [2.66667, 0, 4, 1.33333], "texture": "#7"},
				"south": {"uv": [5.33333, 2.66667, 6.33333, 4], "texture": "#7"},
				"west": {"uv": [2.66667, 1.33333, 4, 2.66667], "texture": "#7"},
				"up": {"uv": [5, 6.66667, 4, 5.33333], "texture": "#7"},
				"down": {"uv": [6.33333, 4, 5.33333, 5.33333], "texture": "#7"}
			}
		},
		{
			"from": [7, 17.25, 7.5],
			"to": [9, 18.75, 9],
			"rotation": {"angle": -45, "axis": "x", "origin": [8, 17.75, 8]},
			"faces": {
				"north": {"uv": [5.33333, 5.33333, 6.66667, 6.33333], "texture": "#7"},
				"east": {"uv": [6.66667, 2.66667, 7.66667, 3.66667], "texture": "#7"},
				"south": {"uv": [6, 0, 7.33333, 1], "texture": "#7"},
				"west": {"uv": [4, 6.66667, 5, 7.66667], "texture": "#7"},
				"up": {"uv": [7.33333, 2.33333, 6, 1.33333], "texture": "#7"},
				"down": {"uv": [4, 6.66667, 2.66667, 7.66667], "texture": "#7"}
			}
		},
		{
			"from": [7.526, 21.46599, 8.68566],
			"to": [8.474, 21.96599, 9.18566],
			"rotation": {"angle": 45, "axis": "x", "origin": [8, 20.60356, 9.94455]},
			"faces": {
				"north": {"uv": [11.33333, 0, 12, 0.33333], "texture": "#7"},
				"east": {"uv": [5.33333, 11.33333, 5.66667, 11.66667], "texture": "#7"},
				"west": {"uv": [11.33333, 5.33333, 11.66667, 5.66667], "texture": "#7"},
				"up": {"uv": [1.33333, 11.66667, 0.66667, 11.33333], "texture": "#7"},
				"down": {"uv": [12, 0.66667, 11.33333, 1], "texture": "#7"}
			}
		},
		{
			"from": [7.525, 20.10356, 9.87132],
			"to": [8.475, 22.10356, 10.37132],
			"rotation": {"angle": 0, "axis": "y", "origin": [8, 20.60356, 9.94455]},
			"faces": {
				"north": {"uv": [6.66667, 8, 7.33333, 9.33333], "texture": "#7"},
				"east": {"uv": [5.33333, 10, 5.66667, 11.33333], "texture": "#7"},
				"south": {"uv": [8, 6.66667, 8.66667, 8], "texture": "#7"},
				"west": {"uv": [10, 5.33333, 10.33333, 6.66667], "texture": "#7"},
				"up": {"uv": [0.66667, 11.66667, 0, 11.33333], "texture": "#7"}
			}
		},
		{
			"from": [7.525, 18.10356, 9.37132],
			"to": [8.475, 20.10356, 10.37132],
			"rotation": {"angle": 0, "axis": "y", "origin": [8, 20.60356, 9.94455]},
			"faces": {
				"north": {"uv": [4.66667, 8, 5.33333, 9.33333], "texture": "#7"},
				"east": {"uv": [5.33333, 8, 6, 9.33333], "texture": "#7"},
				"south": {"uv": [8, 5.33333, 8.66667, 6.66667], "texture": "#7"},
				"west": {"uv": [6, 8, 6.66667, 9.33333], "texture": "#7"},
				"up": {"uv": [10.66667, 5.33333, 10, 4.66667], "texture": "#7"}
			}
		},
		{
			"from": [7.5255, 19.84467, 9.89277],
			"to": [8.4745, 20.59467, 10.39277],
			"rotation": {"angle": 45, "axis": "x", "origin": [8, 20.60356, 9.94455]},
			"faces": {
				"north": {"uv": [4.66667, 10, 5.33333, 10.66667], "texture": "#7"},
				"east": {"uv": [10.66667, 10, 11, 10.66667], "texture": "#7"},
				"west": {"uv": [10.66667, 10.66667, 11, 11.33333], "texture": "#7"}
			}
		},
		{
			"from": [7.5, 16.89645, 8.95711],
			"to": [8.5, 18.39645, 10.45711],
			"rotation": {"angle": -45, "axis": "x", "origin": [7.5, 17.39645, 8.95711]},
			"faces": {
				"north": {"uv": [8.66667, 8, 9.33333, 9], "texture": "#7"},
				"east": {"uv": [6.66667, 4, 7.66667, 5], "texture": "#7"},
				"south": {"uv": [9.33333, 0, 10, 1], "texture": "#7"},
				"west": {"uv": [5.33333, 6.66667, 6.33333, 7.66667], "texture": "#7"},
				"up": {"uv": [10, 2.33333, 9.33333, 1.33333], "texture": "#7"},
				"down": {"uv": [10, 2.66667, 9.33333, 3.66667], "texture": "#7"}
			}
		},
		{
			"from": [7.502, 16.75, 6.95],
			"to": [8.498, 17.25, 7.45],
			"rotation": {"angle": -45, "axis": "x", "origin": [7.502, 16.75, 7.45]},
			"faces": {
				"north": {"uv": [3.33333, 10.66667, 4, 11], "texture": "#7"},
				"east": {"uv": [2.66667, 11.33333, 3, 11.66667], "texture": "#7"},
				"south": {"uv": [10.66667, 3.33333, 11.33333, 3.66667], "texture": "#7"},
				"west": {"uv": [11.33333, 2.66667, 11.66667, 3], "texture": "#7"},
				"up": {"uv": [4.66667, 11, 4, 10.66667], "texture": "#7"}
			}
		},
		{
			"from": [7.5, 12.75, 6.95],
			"to": [8.5, 16.75, 7.45],
			"rotation": {"angle": 0, "axis": "y", "origin": [7.5, 12.75, 7.45]},
			"faces": {
				"north": {"uv": [2.66667, 2.66667, 3.33333, 5.33333], "texture": "#7"},
				"east": {"uv": [7.33333, 6.66667, 7.66667, 9.33333], "texture": "#7"},
				"south": {"uv": [3.33333, 2.66667, 4, 5.33333], "texture": "#7"},
				"west": {"uv": [8, 0, 8.33333, 2.66667], "texture": "#7"},
				"up": {"uv": [11.33333, 4.33333, 10.66667, 4], "texture": "#7"},
				"down": {"uv": [5.33333, 10.66667, 4.66667, 11], "texture": "#7"}
			}
		},
		{
			"from": [7.502, 12.75, 6.95],
			"to": [8.498, 13.25, 7.45],
			"rotation": {"angle": -45, "axis": "x", "origin": [7.502, 12.75, 7.45]},
			"faces": {
				"north": {"uv": [10.66667, 4.66667, 11.33333, 5], "texture": "#7"},
				"east": {"uv": [3.33333, 11.33333, 3.66667, 11.66667], "texture": "#7"},
				"west": {"uv": [11.33333, 3.33333, 11.66667, 3.66667], "texture": "#7"},
				"up": {"uv": [11.33333, 5.66667, 10.66667, 5.33333], "texture": "#7"},
				"down": {"uv": [11.33333, 6, 10.66667, 6.33333], "texture": "#7"}
			}
		},
		{
			"from": [7.502, 16.75, 8.55],
			"to": [8.498, 17.25, 9.05],
			"rotation": {"angle": 45, "axis": "x", "origin": [7.502, 16.75, 8.55]},
			"faces": {
				"north": {"uv": [11.33333, 3.33333, 10.66667, 3.66667], "texture": "#7"},
				"east": {"uv": [3, 11.33333, 2.66667, 11.66667], "texture": "#7"},
				"south": {"uv": [4, 10.66667, 3.33333, 11], "texture": "#7"},
				"west": {"uv": [11.66667, 2.66667, 11.33333, 3], "texture": "#7"},
				"up": {"uv": [4.66667, 10.66667, 4, 11], "texture": "#7"}
			}
		},
		{
			"from": [7.5, 12.75, 8.55],
			"to": [8.5, 16.75, 9.05],
			"rotation": {"angle": 0, "axis": "y", "origin": [7.5, 12.75, 8.55]},
			"faces": {
				"north": {"uv": [4, 2.66667, 3.33333, 5.33333], "texture": "#7"},
				"east": {"uv": [7.66667, 6.66667, 7.33333, 9.33333], "texture": "#7"},
				"south": {"uv": [3.33333, 2.66667, 2.66667, 5.33333], "texture": "#7"},
				"west": {"uv": [8.33333, 0, 8, 2.66667], "texture": "#7"},
				"up": {"uv": [11.33333, 4, 10.66667, 4.33333], "texture": "#7"},
				"down": {"uv": [5.33333, 11, 4.66667, 10.66667], "texture": "#7"}
			}
		},
		{
			"from": [7.502, 12.75, 8.55],
			"to": [8.498, 13.25, 9.05],
			"rotation": {"angle": 45, "axis": "x", "origin": [7.502, 12.75, 8.55]},
			"faces": {
				"east": {"uv": [3.66667, 11.33333, 3.33333, 11.66667], "texture": "#7"},
				"south": {"uv": [11.33333, 4.66667, 10.66667, 5], "texture": "#7"},
				"west": {"uv": [11.66667, 3.33333, 11.33333, 3.66667], "texture": "#7"},
				"up": {"uv": [11.33333, 5.33333, 10.66667, 5.66667], "texture": "#7"},
				"down": {"uv": [11.33333, 6.33333, 10.66667, 6], "texture": "#7"}
			}
		},
		{
			"from": [7.6, 0, 8],
			"to": [8.4, 0.5, 9.25],
			"rotation": {"angle": 22.5, "axis": "x", "origin": [8, 0.25, 9]},
			"faces": {
				"east": {"uv": [9.33333, 10, 10.33333, 10.33333], "texture": "#7"},
				"west": {"uv": [0, 10.66667, 1, 11], "texture": "#7"},
				"up": {"uv": [4, 10.33333, 3.33333, 9.33333], "texture": "#7"},
				"down": {"uv": [4.66667, 9.33333, 4, 10.33333], "texture": "#7"}
			}
		},
		{
			"from": [7.75, 0.5, 8],
			"to": [8.25, 1, 9.35],
			"rotation": {"angle": 22.5, "axis": "x", "origin": [8, 0.25, 9]},
			"faces": {
				"east": {"uv": [8, 10, 9, 10.33333], "texture": "#7"},
				"west": {"uv": [10, 8, 11, 8.33333], "texture": "#7"},
				"up": {"uv": [10.33333, 9.66667, 10, 8.66667], "texture": "#7"}
			}
		},
		{
			"from": [7.5, -0.85435, 9.0436],
			"to": [8.5, 1.14565, 9.5436],
			"rotation": {"angle": 22.5, "axis": "x", "origin": [8, -0.49955, 10.85487]},
			"faces": {
				"north": {"uv": [8.66667, 0, 9.33333, 1.33333], "texture": "#7"},
				"east": {"uv": [10, 6.66667, 10.33333, 8], "texture": "#7"},
				"south": {"uv": [0.66667, 8.66667, 1.33333, 10], "texture": "#7"},
				"west": {"uv": [7.33333, 10, 7.66667, 11.33333], "texture": "#7"},
				"up": {"uv": [2.66667, 11.66667, 2, 11.33333], "texture": "#7"},
				"down": {"uv": [12, 2, 11.33333, 2.33333], "texture": "#7"}
			}
		},
		{
			"from": [7.75, -0.60435, 9.1936],
			"to": [8.25, 1.39565, 9.9436],
			"rotation": {"angle": 22.5, "axis": "x", "origin": [8, -0.49955, 10.85487]},
			"faces": {
				"north": {"uv": [6, 10, 6.33333, 11.33333], "texture": "#7"},
				"east": {"uv": [8, 8, 8.66667, 9.33333], "texture": "#7"},
				"south": {"uv": [6.66667, 10, 7, 11.33333], "texture": "#7"},
				"west": {"uv": [0, 8.66667, 0.66667, 10], "texture": "#7"},
				"up": {"uv": [1.66667, 12, 1.33333, 11.33333], "texture": "#7"},
				"down": {"uv": [11.66667, 1.33333, 11.33333, 2], "texture": "#7"}
			}
		},
		{
			"from": [7.5, 16.89645, 5.54289],
			"to": [8.5, 18.39645, 7.04289],
			"rotation": {"angle": 45, "axis": "x", "origin": [7.5, 17.39645, 7.04289]},
			"faces": {
				"north": {"uv": [10, 0, 9.33333, 1], "texture": "#7"},
				"east": {"uv": [7.66667, 4, 6.66667, 5], "texture": "#7"},
				"south": {"uv": [9.33333, 8, 8.66667, 9], "texture": "#7"},
				"west": {"uv": [6.33333, 6.66667, 5.33333, 7.66667], "texture": "#7"},
				"up": {"uv": [10, 1.33333, 9.33333, 2.33333], "texture": "#7"},
				"down": {"uv": [10, 3.66667, 9.33333, 2.66667], "texture": "#7"}
			}
		},
		{
			"from": [7.5255, 19.84467, 5.60723],
			"to": [8.4745, 20.59467, 6.10723],
			"rotation": {"angle": -45, "axis": "x", "origin": [8, 20.60356, 6.05545]},
			"faces": {
				"east": {"uv": [11, 10, 10.66667, 10.66667], "texture": "#7"},
				"south": {"uv": [5.33333, 10, 4.66667, 10.66667], "texture": "#7"},
				"west": {"uv": [11, 10.66667, 10.66667, 11.33333], "texture": "#7"}
			}
		},
		{
			"from": [7.525, 18.10356, 5.62868],
			"to": [8.475, 20.10356, 6.62868],
			"rotation": {"angle": 0, "axis": "y", "origin": [8, 20.60356, 6.05545]},
			"faces": {
				"north": {"uv": [8.66667, 5.33333, 8, 6.66667], "texture": "#7"},
				"east": {"uv": [6, 8, 5.33333, 9.33333], "texture": "#7"},
				"south": {"uv": [5.33333, 8, 4.66667, 9.33333], "texture": "#7"},
				"west": {"uv": [6.66667, 8, 6, 9.33333], "texture": "#7"},
				"up": {"uv": [10.66667, 4.66667, 10, 5.33333], "texture": "#7"}
			}
		},
		{
			"from": [7.525, 20.10356, 5.62868],
			"to": [8.475, 22.10356, 6.12868],
			"rotation": {"angle": 0, "axis": "y", "origin": [8, 20.60356, 6.05545]},
			"faces": {
				"north": {"uv": [8.66667, 6.66667, 8, 8], "texture": "#7"},
				"east": {"uv": [5.66667, 10, 5.33333, 11.33333], "texture": "#7"},
				"south": {"uv": [7.33333, 8, 6.66667, 9.33333], "texture": "#7"},
				"west": {"uv": [10.33333, 5.33333, 10, 6.66667], "texture": "#7"},
				"up": {"uv": [0.66667, 11.33333, 0, 11.66667], "texture": "#7"}
			}
		},
		{
			"from": [7.526, 21.46599, 6.81434],
			"to": [8.474, 21.96599, 7.31434],
			"rotation": {"angle": -45, "axis": "x", "origin": [8, 20.60356, 6.05545]},
			"faces": {
				"east": {"uv": [5.66667, 11.33333, 5.33333, 11.66667], "texture": "#7"},
				"south": {"uv": [12, 0, 11.33333, 0.33333], "texture": "#7"},
				"west": {"uv": [11.66667, 5.33333, 11.33333, 5.66667], "texture": "#7"},
				"up": {"uv": [1.33333, 11.33333, 0.66667, 11.66667], "texture": "#7"},
				"down": {"uv": [12, 1, 11.33333, 0.66667], "texture": "#7"}
			}
		},
		{
			"from": [7.75, -0.60435, 6.0564],
			"to": [8.25, 1.39565, 6.8064],
			"rotation": {"angle": -22.5, "axis": "x", "origin": [8, -0.49955, 5.14513]},
			"faces": {
				"north": {"uv": [7, 10, 6.66667, 11.33333], "texture": "#7"},
				"east": {"uv": [8.66667, 8, 8, 9.33333], "texture": "#7"},
				"south": {"uv": [6.33333, 10, 6, 11.33333], "texture": "#7"},
				"west": {"uv": [0.66667, 8.66667, 0, 10], "texture": "#7"},
				"up": {"uv": [1.66667, 11.33333, 1.33333, 12], "texture": "#7"},
				"down": {"uv": [11.66667, 2, 11.33333, 1.33333], "texture": "#7"}
			}
		},
		{
			"from": [7.5, -0.85435, 6.4564],
			"to": [8.5, 1.14565, 6.9564],
			"rotation": {"angle": -22.5, "axis": "x", "origin": [8, -0.49955, 5.14513]},
			"faces": {
				"north": {"uv": [1.33333, 8.66667, 0.66667, 10], "texture": "#7"},
				"east": {"uv": [10.33333, 6.66667, 10, 8], "texture": "#7"},
				"south": {"uv": [9.33333, 0, 8.66667, 1.33333], "texture": "#7"},
				"west": {"uv": [7.66667, 10, 7.33333, 11.33333], "texture": "#7"},
				"up": {"uv": [2.66667, 11.33333, 2, 11.66667], "texture": "#7"},
				"down": {"uv": [12, 2.33333, 11.33333, 2], "texture": "#7"}
			}
		},
		{
			"from": [7.75, 0.5, 6.65],
			"to": [8.25, 1, 8],
			"rotation": {"angle": -22.5, "axis": "x", "origin": [8, 0.25, 7]},
			"faces": {
				"east": {"uv": [9, 10, 8, 10.33333], "texture": "#7"},
				"west": {"uv": [11, 8, 10, 8.33333], "texture": "#7"},
				"up": {"uv": [10.33333, 8.66667, 10, 9.66667], "texture": "#7"}
			}
		},
		{
			"from": [7.6, 0, 6.75],
			"to": [8.4, 0.5, 8],
			"rotation": {"angle": -22.5, "axis": "x", "origin": [8, 0.25, 7]},
			"faces": {
				"east": {"uv": [10.33333, 10, 9.33333, 10.33333], "texture": "#7"},
				"west": {"uv": [1, 10.66667, 0, 11], "texture": "#7"},
				"up": {"uv": [4, 9.33333, 3.33333, 10.33333], "texture": "#7"},
				"down": {"uv": [4.66667, 10.33333, 4, 9.33333], "texture": "#7"}
			}
		},
		{
			"from": [7.4, 6.25, 7.4],
			"to": [8.6, 10.25, 8.6],
			"rotation": {"angle": 0, "axis": "y", "origin": [7.5, 6.25, 7.5]},
			"faces": {
				"north": {"uv": [4, 0, 4.66667, 2.66667], "texture": "#7"},
				"east": {"uv": [4, 2.66667, 4.66667, 5.33333], "texture": "#7"},
				"south": {"uv": [4.66667, 0, 5.33333, 2.66667], "texture": "#7"},
				"west": {"uv": [4.66667, 2.66667, 5.33333, 5.33333], "texture": "#7"},
				"up": {"uv": [1.33333, 10.66667, 0.66667, 10], "texture": "#7"},
				"down": {"uv": [10.66667, 0.66667, 10, 1.33333], "texture": "#7"}
			}
		},
		{
			"from": [6.9, 14.6, 4.5],
			"to": [6.9, 21.6, 11.5],
			"rotation": {"angle": 0, "axis": "y", "origin": [0, 11, 0.5]},
			"faces": {
				"west": {"uv": [1, 1, 15, 15], "texture": "#1"}
			}
		},
		{
			"from": [9.1, 14.6, 4.5],
			"to": [9.1, 21.6, 11.5],
			"rotation": {"angle": 0, "axis": "y", "origin": [16, 11, 0.5]},
			"faces": {
				"east": {"uv": [15, 1, 1, 15], "texture": "#1"}
			}
		},
		{
			"from": [7.985, -2.97391, 11.12404],
			"to": [8.015, 1.02609, 13.12404],
			"rotation": {"angle": 22.5, "axis": "x", "origin": [8, 1.02609, 12.12404]},
			"faces": {
				"east": {"uv": [8, 4, 0, 0], "rotation": 90, "texture": "#2"},
				"west": {"uv": [0, 4, 8, 0], "rotation": 270, "texture": "#2"}
			}
		},
		{
			"from": [7.985, -2.97391, 2.87596],
			"to": [8.015, 1.02609, 4.87596],
			"rotation": {"angle": -22.5, "axis": "x", "origin": [8, 1.02609, 3.87596]},
			"faces": {
				"east": {"uv": [8, 0, 0, 4], "rotation": 90, "texture": "#2"},
				"west": {"uv": [0, 0, 8, 4], "rotation": 270, "texture": "#2"}
			}
		},
		{
			"from": [6.5, 19.75, 6.5],
			"to": [9.5, 22.75, 9.5],
			"rotation": {"angle": -45, "axis": "x", "origin": [8, 21.25, 8]},
			"faces": {
				"north": {"uv": [0, 0, 2, 2], "texture": "#7"},
				"east": {"uv": [0, 0, 2, 2], "texture": "#7"},
				"south": {"uv": [0, 0, 2, 2], "texture": "#7"},
				"west": {"uv": [0, 0, 2, 2], "texture": "#7"},
				"up": {"uv": [0, 0, 2, 2], "texture": "#7"},
				"down": {"uv": [0, 0, 2, 2], "texture": "#7"}
			}
		},
		{
			"from": [4.5, 17.74293, 7.97793],
			"to": [11.5, 24.74293, 8.00793],
			"rotation": {"angle": -45, "axis": "x", "origin": [8, 21.24293, 7.99293]},
			"faces": {
				"north": {"uv": [15, 1, 1, 15], "texture": "#3"},
				"south": {"uv": [1, 1, 15, 15], "texture": "#3"}
			}
		},
		{
			"from": [4.5, 17.74293, 7.97793],
			"to": [11.5, 24.74293, 8.00793],
			"rotation": {"angle": 45, "axis": "x", "origin": [8, 21.24293, 7.99293]},
			"faces": {
				"north": {"uv": [1, 1, 15, 15], "rotation": 90, "texture": "#3"},
				"south": {"uv": [15, 1, 1, 15], "rotation": 270, "texture": "#3"}
			}
		},
		{
			"from": [11.79575, 13.31381, 9.21329],
			"to": [11.82575, 26.06381, 13.71329],
			"rotation": {"angle": 45, "axis": "y", "origin": [11.81075, 19.68881, 11.96329]},
			"faces": {
				"east": {"uv": [0, 6.975, 9.4875, 3.5], "rotation": 270, "texture": "#4"},
				"west": {"uv": [0, 3.5, 9.4875, 6.975], "rotation": 270, "texture": "#4"}
			}
		},
		{
			"from": [4.17425, 10.31381, 9.21329],
			"to": [4.20425, 23.06381, 13.71329],
			"rotation": {"angle": -45, "axis": "y", "origin": [4.18925, 19.68881, 11.96329]},
			"faces": {
				"east": {"uv": [0, 6.975, 9.4875, 3.5], "rotation": 270, "texture": "#4"},
				"west": {"uv": [0, 3.5, 9.4875, 6.975], "rotation": 270, "texture": "#4"}
			}
		},
		{
			"from": [4.17425, 15.31381, 2.28671],
			"to": [4.20425, 28.06381, 6.78671],
			"rotation": {"angle": 45, "axis": "y", "origin": [4.18925, 19.68881, 4.03671]},
			"faces": {
				"east": {"uv": [0, 3.5, 9.4875, 6.975], "rotation": 270, "texture": "#4"},
				"west": {"uv": [0, 6.975, 9.4875, 3.5], "rotation": 270, "texture": "#4"}
			}
		},
		{
			"from": [11.79575, 17.31381, 2.28671],
			"to": [11.82575, 30.06381, 6.78671],
			"rotation": {"angle": -45, "axis": "y", "origin": [11.81075, 19.68881, 4.03671]},
			"faces": {
				"east": {"uv": [0, 3.5, 9.4875, 6.975], "rotation": 270, "texture": "#4"},
				"west": {"uv": [0, 6.975, 9.4875, 3.5], "rotation": 270, "texture": "#4"}
			}
		}
	],
	"gui_light": "front",
	"display": {
		"thirdperson_righthand": {
			"translation": [0, -1.75, 1]
		},
		"thirdperson_lefthand": {
			"translation": [0, -1.75, 1]
		},
		"firstperson_righthand": {
			"rotation": [-10, 0, 0],
			"translation": [0, -3, 0]
		},
		"firstperson_lefthand": {
			"rotation": [-10, 0, 0],
			"translation": [0, -3, 0]
		},
		"ground": {
			"rotation": [-45, 0, 0],
			"translation": [0, 8, 0]
		},
		"gui": {
			"rotation": [-90, 45, 90],
			"translation": [0.75, -0.75, 0],
			"scale": [0.66601, 0.66601, 0.66601]
		},
		"head": {
			"rotation": [0, 90, 0]
		},
		"fixed": {
			"rotation": [0, -90, 0],
			"translation": [0, -7.25, -1],
			"scale": [2.5, 2.5, 2.5]
		}
	}
}