{
	"credit": "Made by PolygonMC",
	"texture_size": [20, 20],
	"textures": {
		"5": "fiendskullset/cape"
	},
	"elements": [
		{
			"from": [7.5, 9.12079, 10.8595],
			"to": [8.5, 11.12079, 11.8595],
			"rotation": {"angle": -45, "axis": "x", "origin": [8, 6.52139, 9.83929]},
			"faces": {
				"north": {"uv": [1.6, 5.6, 2.4, 7.2], "texture": "#5"},
				"east": {"uv": [1.6, 7.2, 2.4, 8.8], "texture": "#5"},
				"south": {"uv": [2.4, 7.2, 3.2, 8.8], "texture": "#5"},
				"west": {"uv": [3.2, 7.2, 4, 8.8], "texture": "#5"},
				"up": {"uv": [7.2, 4, 6.4, 3.2], "texture": "#5"},
				"down": {"uv": [9.6, 6.4, 8.8, 7.2], "texture": "#5"}
			}
		},
		{
			"from": [7.55, 7.89603, 9.81097],
			"to": [8.45, 9.69603, 10.71097],
			"rotation": {"angle": -22.5, "axis": "x", "origin": [8, 6.52139, 9.83929]},
			"faces": {
				"north": {"uv": [8, 4, 8.8, 5.4], "texture": "#5"},
				"east": {"uv": [4.8, 8, 5.6, 9.4], "texture": "#5"},
				"south": {"uv": [5.6, 8, 6.4, 9.4], "texture": "#5"},
				"west": {"uv": [8, 5.6, 8.8, 7], "texture": "#5"},
				"down": {"uv": [10.4, 1.6, 9.6, 2.4], "texture": "#5"}
			}
		},
		{
			"from": [7.5905, 6.48697, 9.29957],
			"to": [8.4095, 8.12497, 10.11857],
			"rotation": {"angle": 0, "axis": "y", "origin": [8, 6.52139, 9.83929]},
			"faces": {
				"north": {"uv": [1.6, 8.8, 2.2, 10.2], "texture": "#5"},
				"east": {"uv": [8.8, 1.6, 9.4, 3], "texture": "#5"},
				"south": {"uv": [2.4, 8.8, 3, 10.2], "texture": "#5"},
				"west": {"uv": [3.2, 8.8, 3.8, 10.2], "texture": "#5"},
				"down": {"uv": [10.2, 11.2, 9.6, 11.8], "texture": "#5"}
			}
		},
		{
			"from": [7.63555, 4.13864, 9.38157],
			"to": [8.36446, 6.59646, 10.11048],
			"rotation": {"angle": 22.5, "axis": "x", "origin": [8, 6.52139, 9.83929]},
			"faces": {
				"north": {"uv": [7.2, 3.2, 7.8, 5.2], "texture": "#5"},
				"east": {"uv": [7.2, 5.6, 7.8, 7.6], "texture": "#5"},
				"south": {"uv": [8, 1.6, 8.6, 3.6], "texture": "#5"},
				"west": {"uv": [4, 8, 4.6, 10], "texture": "#5"},
				"down": {"uv": [11.8, 10.4, 11.2, 11], "texture": "#5"}
			}
		},
		{
			"from": [7.67564, 3.19772, 8.50458],
			"to": [8.32436, 4.49518, 9.15331],
			"rotation": {"angle": 0, "axis": "y", "origin": [8, 6.52139, 9.83929]},
			"faces": {
				"north": {"uv": [9.6, 8.8, 10.2, 9.8], "texture": "#5"},
				"east": {"uv": [0, 10.4, 0.6, 11.4], "texture": "#5"},
				"south": {"uv": [10.4, 0, 11, 1], "texture": "#5"},
				"west": {"uv": [0.8, 10.4, 1.4, 11.4], "texture": "#5"},
				"down": {"uv": [11.8, 11.2, 11.2, 11.8], "texture": "#5"}
			}
		},
		{
			"from": [7.71132, 2.80675, 7.33426],
			"to": [8.28868, 3.96149, 7.91163],
			"rotation": {"angle": -22.5, "axis": "x", "origin": [8, 6.52139, 9.83929]},
			"faces": {
				"north": {"uv": [11.2, 1.6, 11.6, 2.6], "texture": "#5"},
				"east": {"uv": [11.2, 3.2, 11.6, 4.2], "texture": "#5"},
				"south": {"uv": [4, 11.2, 4.4, 12.2], "texture": "#5"},
				"west": {"uv": [11.2, 4.8, 11.6, 5.8], "texture": "#5"},
				"down": {"uv": [13.2, 4, 12.8, 4.4], "texture": "#5"}
			}
		},
		{
			"from": [7.49175, 9.43973, 10.23271],
			"to": [8.50825, 10.45623, 11.24921],
			"rotation": {"angle": -22.5, "axis": "x", "origin": [8, 6.5491, 10.09918]},
			"faces": {
				"north": {"uv": [9.6, 2.4, 10.4, 3.2], "texture": "#5"},
				"east": {"uv": [9.6, 3.2, 10.4, 4], "texture": "#5"},
				"south": {"uv": [9.6, 4, 10.4, 4.8], "texture": "#5"},
				"west": {"uv": [4.8, 9.6, 5.6, 10.4], "texture": "#5"},
				"up": {"uv": [10.4, 5.6, 9.6, 4.8], "texture": "#5"},
				"down": {"uv": [6.4, 9.6, 5.6, 10.4], "texture": "#5"}
			}
		},
		{
			"from": [7.61881, 9.72719, 9.69477],
			"to": [8.38119, 10.48956, 10.45715],
			"rotation": {"angle": 0, "axis": "y", "origin": [8, 6.5491, 10.09918]},
			"faces": {
				"east": {"uv": [0, 12, 0.6, 12.6], "texture": "#5"},
				"south": {"uv": [12, 0, 12.6, 0.6], "texture": "#5"},
				"west": {"uv": [0.8, 12, 1.4, 12.6], "texture": "#5"},
				"up": {"uv": [12.6, 1.4, 12, 0.8], "texture": "#5"},
				"down": {"uv": [2.2, 12, 1.6, 12.6], "texture": "#5"}
			}
		},
		{
			"from": [7.71792, 9.71416, 8.89399],
			"to": [8.28208, 10.27832, 9.45815],
			"rotation": {"angle": 22.5, "axis": "x", "origin": [8, 6.5491, 10.09918]},
			"faces": {
				"east": {"uv": [4.8, 12.8, 5.2, 13.2], "texture": "#5"},
				"south": {"uv": [12.8, 4.8, 13.2, 5.2], "texture": "#5"},
				"west": {"uv": [5.6, 12.8, 6, 13.2], "texture": "#5"},
				"up": {"uv": [13.2, 6, 12.8, 5.6], "texture": "#5"},
				"down": {"uv": [6.8, 12.8, 6.4, 13.2], "texture": "#5"}
			}
		},
		{
			"from": [7.54257, 7.55575, 9.71512],
			"to": [8.45743, 8.4706, 10.62997],
			"rotation": {"angle": 0, "axis": "y", "origin": [8, 6.68161, 9.9442]},
			"faces": {
				"north": {"uv": [9.6, 5.6, 10.4, 6.4], "texture": "#5"},
				"east": {"uv": [6.4, 9.6, 7.2, 10.4], "texture": "#5"},
				"south": {"uv": [9.6, 6.4, 10.4, 7.2], "texture": "#5"},
				"west": {"uv": [7.2, 9.6, 8, 10.4], "texture": "#5"},
				"up": {"uv": [10.4, 8, 9.6, 7.2], "texture": "#5"},
				"down": {"uv": [10.4, 8, 9.6, 8.8], "texture": "#5"}
			}
		},
		{
			"from": [7.65693, 7.8123, 9.91862],
			"to": [8.34307, 8.49844, 10.60476],
			"rotation": {"angle": 22.5, "axis": "x", "origin": [8, 6.68161, 9.9442]},
			"faces": {
				"east": {"uv": [12, 1.6, 12.6, 2.2], "texture": "#5"},
				"south": {"uv": [2.4, 12, 3, 12.6], "texture": "#5"},
				"west": {"uv": [12, 2.4, 12.6, 3], "texture": "#5"},
				"up": {"uv": [3.8, 12.6, 3.2, 12], "texture": "#5"},
				"down": {"uv": [12.6, 3.2, 12, 3.8], "texture": "#5"}
			}
		},
		{
			"from": [7.74613, 6.28402, 11.32432],
			"to": [8.25387, 6.79177, 11.83206],
			"rotation": {"angle": -45, "axis": "x", "origin": [8, 6.68161, 9.9442]},
			"faces": {
				"north": {"uv": [12.8, 6.4, 13.2, 6.8], "texture": "#5"},
				"east": {"uv": [7.2, 12.8, 7.6, 13.2], "texture": "#5"},
				"south": {"uv": [12.8, 7.2, 13.2, 7.6], "texture": "#5"},
				"west": {"uv": [8, 12.8, 8.4, 13.2], "texture": "#5"},
				"down": {"uv": [13.2, 8, 12.8, 8.4], "texture": "#5"}
			}
		},
		{
			"from": [7.58324, 5.7553, 9.79688],
			"to": [8.41677, 6.58883, 10.63041],
			"rotation": {"angle": 22.5, "axis": "x", "origin": [8, 6.7391, 9.86168]},
			"faces": {
				"north": {"uv": [12, 4, 12.6, 4.6], "texture": "#5"},
				"east": {"uv": [4.8, 12, 5.4, 12.6], "texture": "#5"},
				"south": {"uv": [12, 4.8, 12.6, 5.4], "texture": "#5"},
				"west": {"uv": [5.6, 12, 6.2, 12.6], "texture": "#5"},
				"up": {"uv": [12.6, 6.2, 12, 5.6], "texture": "#5"},
				"down": {"uv": [7, 12, 6.4, 12.6], "texture": "#5"}
			}
		},
		{
			"from": [7.68743, 5.32302, 9.30222],
			"to": [8.31257, 5.94817, 9.92736],
			"rotation": {"angle": -45, "axis": "x", "origin": [8, 6.7391, 9.86168]},
			"faces": {
				"north": {"uv": [7.2, 12, 7.8, 12.6], "texture": "#5"},
				"east": {"uv": [12, 7.2, 12.6, 7.8], "texture": "#5"},
				"south": {"uv": [8, 12, 8.6, 12.6], "texture": "#5"},
				"west": {"uv": [12, 8, 12.6, 8.6], "texture": "#5"},
				"down": {"uv": [12.6, 8.8, 12, 9.4], "texture": "#5"}
			}
		},
		{
			"from": [7.7687, 5.01626, 9.96207],
			"to": [8.2313, 5.47887, 10.42468],
			"rotation": {"angle": -22.5, "axis": "x", "origin": [8, 6.7391, 9.86168]},
			"faces": {
				"north": {"uv": [8.8, 12.8, 9.2, 13.2], "texture": "#5"},
				"east": {"uv": [12.8, 8.8, 13.2, 9.2], "texture": "#5"},
				"south": {"uv": [9.6, 12.8, 10, 13.2], "texture": "#5"},
				"west": {"uv": [12.8, 9.6, 13.2, 10], "texture": "#5"},
				"down": {"uv": [10.8, 12.8, 10.4, 13.2], "texture": "#5"}
			}
		},
		{
			"from": [7.62074, 3.65519, 8.75368],
			"to": [8.37926, 4.4137, 9.5122],
			"rotation": {"angle": 45, "axis": "x", "origin": [8, 3.91929, 9.55939]},
			"faces": {
				"north": {"uv": [9.6, 12, 10.2, 12.6], "texture": "#5"},
				"east": {"uv": [12, 9.6, 12.6, 10.2], "texture": "#5"},
				"south": {"uv": [10.4, 12, 11, 12.6], "texture": "#5"},
				"west": {"uv": [12, 10.4, 12.6, 11], "texture": "#5"},
				"up": {"uv": [11.8, 12.6, 11.2, 12], "texture": "#5"},
				"down": {"uv": [12.6, 11.2, 12, 11.8], "texture": "#5"}
			}
		},
		{
			"from": [7.71556, 3.56209, 9.34762],
			"to": [8.28444, 4.13097, 9.91651],
			"rotation": {"angle": -22.5, "axis": "x", "origin": [8, 3.91929, 9.55939]},
			"faces": {
				"north": {"uv": [12.8, 10.4, 13.2, 10.8], "texture": "#5"},
				"east": {"uv": [11.2, 12.8, 11.6, 13.2], "texture": "#5"},
				"south": {"uv": [12.8, 11.2, 13.2, 11.6], "texture": "#5"},
				"west": {"uv": [12, 12.8, 12.4, 13.2], "texture": "#5"},
				"down": {"uv": [13.2, 12, 12.8, 12.4], "texture": "#5"}
			}
		},
		{
			"from": [7.78951, 3.32583, 9.56901],
			"to": [8.21049, 3.7468, 9.98999],
			"rotation": {"angle": 0, "axis": "y", "origin": [8, 3.91929, 9.55939]},
			"faces": {
				"north": {"uv": [12.8, 12.8, 13.2, 13.2], "texture": "#5"},
				"east": {"uv": [0, 13.6, 0.4, 14], "texture": "#5"},
				"south": {"uv": [13.6, 0, 14, 0.4], "texture": "#5"},
				"west": {"uv": [0.8, 13.6, 1.2, 14], "texture": "#5"},
				"down": {"uv": [14, 0.8, 13.6, 1.2], "texture": "#5"}
			}
		},
		{
			"from": [7.775, 7.34229, 8.5],
			"to": [7.805, 10.34229, 11.5],
			"rotation": {"angle": 0, "axis": "y", "origin": [8, -4.65771, -0.25]},
			"faces": {
				"east": {"uv": [2.4, 0, 4.8, 2.4], "texture": "#5"},
				"west": {"uv": [2.4, 2.4, 4.8, 4.8], "texture": "#5"}
			}
		},
		{
			"from": [7.985, 6.69229, 10.475],
			"to": [8.015, 7.69229, 11.225],
			"rotation": {"angle": 0, "axis": "y", "origin": [7.985, 0.39229, 1.675]},
			"faces": {
				"east": {"uv": [10.4, 3.2, 11, 4], "texture": "#5"},
				"west": {"uv": [4, 10.4, 4.6, 11.2], "texture": "#5"}
			}
		},
		{
			"from": [8.2, 4.09229, 8.75],
			"to": [8.23, 6.09229, 10.75],
			"rotation": {"angle": 0, "axis": "y", "origin": [8, -4.65771, -0.25]},
			"faces": {
				"east": {"uv": [4, 4.8, 5.6, 6.4], "texture": "#5"},
				"west": {"uv": [0, 5.6, 1.6, 7.2], "texture": "#5"}
			}
		},
		{
			"from": [2.62101, 10.11694, 7.79609],
			"to": [3.20485, 11.28462, 8.37993],
			"rotation": {"angle": 45, "axis": "z", "origin": [2.90658, 11.45056, 7.67239]},
			"faces": {
				"north": {"uv": [6.4, 11.2, 7.4, 11.6], "rotation": 270, "texture": "#5"},
				"east": {"uv": [11.6, 9, 11.2, 8], "texture": "#5"},
				"south": {"uv": [11.2, 6.4, 12.2, 6.8], "rotation": 90, "texture": "#5"},
				"west": {"uv": [9.2, 11.2, 8.8, 12.2], "rotation": 180, "texture": "#5"}
			}
		},
		{
			"from": [4.0974, 10.5866, 7.76001],
			"to": [5.9094, 11.2426, 8.41601],
			"rotation": {"angle": -22.5, "axis": "z", "origin": [2.90658, 11.45056, 7.67239]},
			"faces": {
				"north": {"uv": [8.8, 4.8, 9.4, 6.2], "rotation": 270, "texture": "#5"},
				"east": {"uv": [13.4, 2.2, 12.8, 1.6], "texture": "#5"},
				"south": {"uv": [8.8, 8.8, 9.4, 10.2], "rotation": 90, "texture": "#5"},
				"up": {"uv": [8.8, 3.2, 9.4, 4.6], "rotation": 90, "texture": "#5"},
				"down": {"uv": [8, 8.8, 8.6, 10.2], "rotation": 90, "texture": "#5"}
			}
		},
		{
			"from": [4.3724, 10.5366, 8.08601],
			"to": [7.1844, 12.1926, 8.11601],
			"rotation": {"angle": -22.5, "axis": "z", "origin": [2.90658, 11.45056, 7.67239]},
			"faces": {
				"north": {"uv": [4.8, 1.6, 6.2, 3.8], "rotation": 270, "texture": "#5"},
				"south": {"uv": [2.4, 4.8, 3.8, 7], "rotation": 90, "texture": "#5"}
			}
		},
		{
			"from": [2.04966, 11.06645, 7.70989],
			"to": [3.29966, 12.31645, 8.50989],
			"rotation": {"angle": 0, "axis": "z", "origin": [2.90658, 11.45056, 7.67239]},
			"faces": {
				"north": {"uv": [0, 8.8, 1, 9.8], "rotation": 270, "texture": "#5"},
				"east": {"uv": [3, 11.4, 2.4, 10.4], "texture": "#5"},
				"south": {"uv": [8.8, 0, 9.8, 1], "rotation": 90, "texture": "#5"},
				"west": {"uv": [3.8, 10.4, 3.2, 11.4], "rotation": 180, "texture": "#5"},
				"up": {"uv": [1.6, 10.4, 2.2, 11.4], "rotation": 90, "texture": "#5"},
				"down": {"uv": [10.4, 1.6, 11, 2.6], "rotation": 90, "texture": "#5"}
			}
		},
		{
			"from": [3.46387, 10.15224, 7.70989],
			"to": [4.21387, 10.90224, 8.50989],
			"rotation": {"angle": 0, "axis": "z", "origin": [2.90658, 11.45056, 7.67239]},
			"faces": {
				"north": {"uv": [0, 12.8, 0.6, 13.4], "rotation": 270, "texture": "#5"},
				"east": {"uv": [13.4, 1.4, 12.8, 0.8], "texture": "#5"},
				"south": {"uv": [0.8, 12.8, 1.4, 13.4], "rotation": 90, "texture": "#5"},
				"west": {"uv": [2.2, 12.8, 1.6, 13.4], "rotation": 180, "texture": "#5"},
				"up": {"uv": [12, 12, 12.6, 12.6], "rotation": 90, "texture": "#5"},
				"down": {"uv": [12.8, 0, 13.4, 0.6], "rotation": 90, "texture": "#5"}
			}
		},
		{
			"from": [1.51933, 11.59678, 7.95989],
			"to": [2.76933, 12.84678, 8.25989],
			"rotation": {"angle": 0, "axis": "z", "origin": [2.90658, 11.45056, 7.67239]},
			"faces": {
				"north": {"uv": [6.4, 8, 7.4, 9], "rotation": 270, "texture": "#5"},
				"east": {"uv": [3.4, 13.8, 3.2, 12.8], "texture": "#5"},
				"south": {"uv": [8, 7.2, 9, 8.2], "rotation": 90, "texture": "#5"},
				"west": {"uv": [4.2, 12.8, 4, 13.8], "rotation": 180, "texture": "#5"},
				"up": {"uv": [2.4, 12.8, 2.6, 13.8], "rotation": 90, "texture": "#5"},
				"down": {"uv": [12.8, 2.4, 13, 3.4], "rotation": 90, "texture": "#5"}
			}
		},
		{
			"from": [2.66293, 12.76167, 7.85989],
			"to": [3.16293, 14.26167, 8.35989],
			"rotation": {"angle": 45, "axis": "z", "origin": [2.90658, 11.45056, 7.67239]},
			"faces": {
				"north": {"uv": [8.8, 10.4, 10, 10.8], "rotation": 270, "texture": "#5"},
				"east": {"uv": [10.8, 11.6, 10.4, 10.4], "texture": "#5"},
				"south": {"uv": [10.4, 9.6, 11.6, 10], "rotation": 90, "texture": "#5"},
				"west": {"uv": [11.6, 0, 11.2, 1.2], "rotation": 180, "texture": "#5"},
				"up": {"uv": [10.4, 13.6, 10.8, 14], "rotation": 90, "texture": "#5"},
				"down": {"uv": [13.6, 10.4, 14, 10.8], "rotation": 90, "texture": "#5"}
			}
		},
		{
			"from": [2.88793, 13.51167, 6.35989],
			"to": [2.91793, 14.76167, 8.10989],
			"rotation": {"angle": 45, "axis": "z", "origin": [2.90658, 11.45056, 7.67239]},
			"faces": {
				"east": {"uv": [1.4, 8.2, 0, 7.2], "texture": "#5"},
				"west": {"uv": [8.6, 0, 7.2, 1], "rotation": 180, "texture": "#5"}
			}
		},
		{
			"from": [2.66293, 13.76167, 7.35989],
			"to": [3.16293, 14.26167, 7.85989],
			"rotation": {"angle": 45, "axis": "z", "origin": [2.90658, 11.45056, 7.67239]},
			"faces": {
				"north": {"uv": [8.8, 13.6, 9.2, 14], "rotation": 270, "texture": "#5"},
				"east": {"uv": [10, 14, 9.6, 13.6], "texture": "#5"},
				"west": {"uv": [14, 9.6, 13.6, 10], "rotation": 180, "texture": "#5"},
				"up": {"uv": [13.6, 8, 14, 8.4], "rotation": 90, "texture": "#5"},
				"down": {"uv": [13.6, 8.8, 14, 9.2], "rotation": 90, "texture": "#5"}
			}
		},
		{
			"from": [2.77836, 12.76419, 7.85989],
			"to": [3.27836, 14.26419, 8.35989],
			"rotation": {"angle": 22.5, "axis": "z", "origin": [2.90658, 11.45056, 7.67239]},
			"faces": {
				"north": {"uv": [6.4, 10.4, 7.6, 10.8], "rotation": 270, "texture": "#5"},
				"east": {"uv": [8.4, 11.6, 8, 10.4], "texture": "#5"},
				"south": {"uv": [10.4, 7.2, 11.6, 7.6], "rotation": 90, "texture": "#5"},
				"west": {"uv": [10.8, 8, 10.4, 9.2], "rotation": 180, "texture": "#5"},
				"up": {"uv": [13.6, 7.2, 14, 7.6], "rotation": 90, "texture": "#5"},
				"down": {"uv": [8, 13.6, 8.4, 14], "rotation": 90, "texture": "#5"}
			}
		},
		{
			"from": [2.77836, 13.76419, 7.35989],
			"to": [3.27836, 14.26419, 7.85989],
			"rotation": {"angle": 22.5, "axis": "z", "origin": [2.90658, 11.45056, 7.67239]},
			"faces": {
				"north": {"uv": [13.6, 5.6, 14, 6], "rotation": 270, "texture": "#5"},
				"east": {"uv": [14, 6.8, 13.6, 6.4], "texture": "#5"},
				"west": {"uv": [7.6, 13.6, 7.2, 14], "rotation": 180, "texture": "#5"},
				"up": {"uv": [5.6, 13.6, 6, 14], "rotation": 90, "texture": "#5"},
				"down": {"uv": [6.4, 13.6, 6.8, 14], "rotation": 90, "texture": "#5"}
			}
		},
		{
			"from": [3.00336, 13.51419, 6.35989],
			"to": [3.03336, 14.76419, 8.10989],
			"rotation": {"angle": 22.5, "axis": "z", "origin": [2.90658, 11.45056, 7.67239]},
			"faces": {
				"east": {"uv": [5.4, 7.4, 4, 6.4], "texture": "#5"},
				"west": {"uv": [7, 6.4, 5.6, 7.4], "rotation": 180, "texture": "#5"}
			}
		},
		{
			"from": [0.10003, 11.09585, 7.85989],
			"to": [1.60003, 11.59585, 8.35989],
			"rotation": {"angle": -22.5, "axis": "z", "origin": [2.90658, 11.45056, 7.67239]},
			"faces": {
				"north": {"uv": [4.8, 10.4, 5.2, 11.6], "rotation": 270, "texture": "#5"},
				"east": {"uv": [5.2, 14, 4.8, 13.6], "texture": "#5"},
				"south": {"uv": [10.4, 5.6, 10.8, 6.8], "rotation": 90, "texture": "#5"},
				"west": {"uv": [14, 4.8, 13.6, 5.2], "rotation": 180, "texture": "#5"},
				"up": {"uv": [10.4, 4, 10.8, 5.2], "rotation": 90, "texture": "#5"},
				"down": {"uv": [5.6, 10.4, 6, 11.6], "rotation": 90, "texture": "#5"}
			}
		},
		{
			"from": [0.10003, 11.09585, 7.35989],
			"to": [0.60003, 11.59585, 7.85989],
			"rotation": {"angle": -22.5, "axis": "z", "origin": [2.90658, 11.45056, 7.67239]},
			"faces": {
				"north": {"uv": [13.6, 1.6, 14, 2], "rotation": 270, "texture": "#5"},
				"east": {"uv": [14, 3.6, 13.6, 3.2], "texture": "#5"},
				"west": {"uv": [14, 4, 13.6, 4.4], "rotation": 180, "texture": "#5"},
				"up": {"uv": [1.6, 13.6, 2, 14], "rotation": 90, "texture": "#5"},
				"down": {"uv": [13.6, 2.4, 14, 2.8], "rotation": 90, "texture": "#5"}
			}
		},
		{
			"from": [-0.39997, 11.32085, 6.35989],
			"to": [0.85003, 11.35085, 8.10989],
			"rotation": {"angle": -22.5, "axis": "z", "origin": [2.90658, 11.45056, 7.67239]},
			"faces": {
				"up": {"uv": [5.6, 4.8, 7, 5.8], "rotation": 90, "texture": "#5"},
				"down": {"uv": [6.4, 1.6, 7.8, 2.6], "rotation": 90, "texture": "#5"}
			}
		},
		{
			"from": [15.14997, 11.32085, 6.35989],
			"to": [16.39997, 11.35085, 8.10989],
			"rotation": {"angle": 22.5, "axis": "z", "origin": [13.09342, 11.45056, 7.67239]},
			"faces": {
				"up": {"uv": [5.6, 5.8, 7, 4.8], "rotation": 90, "texture": "#5"},
				"down": {"uv": [6.4, 2.6, 7.8, 1.6], "rotation": 90, "texture": "#5"}
			}
		},
		{
			"from": [15.39997, 11.09585, 7.35989],
			"to": [15.89997, 11.59585, 7.85989],
			"rotation": {"angle": 22.5, "axis": "z", "origin": [13.09342, 11.45056, 7.67239]},
			"faces": {
				"north": {"uv": [13.6, 2, 14, 1.6], "rotation": 270, "texture": "#5"},
				"east": {"uv": [13.6, 4, 14, 4.4], "rotation": 180, "texture": "#5"},
				"west": {"uv": [13.6, 3.6, 14, 3.2], "texture": "#5"},
				"up": {"uv": [1.6, 14, 2, 13.6], "rotation": 90, "texture": "#5"},
				"down": {"uv": [13.6, 2.8, 14, 2.4], "rotation": 90, "texture": "#5"}
			}
		},
		{
			"from": [14.39997, 11.09585, 7.85989],
			"to": [15.89997, 11.59585, 8.35989],
			"rotation": {"angle": 22.5, "axis": "z", "origin": [13.09342, 11.45056, 7.67239]},
			"faces": {
				"north": {"uv": [4.8, 11.6, 5.2, 10.4], "rotation": 270, "texture": "#5"},
				"east": {"uv": [13.6, 4.8, 14, 5.2], "rotation": 180, "texture": "#5"},
				"south": {"uv": [10.4, 6.8, 10.8, 5.6], "rotation": 90, "texture": "#5"},
				"west": {"uv": [4.8, 14, 5.2, 13.6], "texture": "#5"},
				"up": {"uv": [10.4, 5.2, 10.8, 4], "rotation": 90, "texture": "#5"},
				"down": {"uv": [5.6, 11.6, 6, 10.4], "rotation": 90, "texture": "#5"}
			}
		},
		{
			"from": [12.96664, 13.51419, 6.35989],
			"to": [12.99664, 14.76419, 8.10989],
			"rotation": {"angle": -22.5, "axis": "z", "origin": [13.09342, 11.45056, 7.67239]},
			"faces": {
				"east": {"uv": [5.6, 6.4, 7, 7.4], "rotation": 180, "texture": "#5"},
				"west": {"uv": [4, 7.4, 5.4, 6.4], "texture": "#5"}
			}
		},
		{
			"from": [12.72164, 13.76419, 7.35989],
			"to": [13.22164, 14.26419, 7.85989],
			"rotation": {"angle": -22.5, "axis": "z", "origin": [13.09342, 11.45056, 7.67239]},
			"faces": {
				"north": {"uv": [13.6, 6, 14, 5.6], "rotation": 270, "texture": "#5"},
				"east": {"uv": [7.2, 13.6, 7.6, 14], "rotation": 180, "texture": "#5"},
				"west": {"uv": [13.6, 6.8, 14, 6.4], "texture": "#5"},
				"up": {"uv": [5.6, 14, 6, 13.6], "rotation": 90, "texture": "#5"},
				"down": {"uv": [6.4, 14, 6.8, 13.6], "rotation": 90, "texture": "#5"}
			}
		},
		{
			"from": [12.72164, 12.76419, 7.85989],
			"to": [13.22164, 14.26419, 8.35989],
			"rotation": {"angle": -22.5, "axis": "z", "origin": [13.09342, 11.45056, 7.67239]},
			"faces": {
				"north": {"uv": [6.4, 10.8, 7.6, 10.4], "rotation": 270, "texture": "#5"},
				"east": {"uv": [10.4, 8, 10.8, 9.2], "rotation": 180, "texture": "#5"},
				"south": {"uv": [10.4, 7.6, 11.6, 7.2], "rotation": 90, "texture": "#5"},
				"west": {"uv": [8, 11.6, 8.4, 10.4], "texture": "#5"},
				"up": {"uv": [13.6, 7.6, 14, 7.2], "rotation": 90, "texture": "#5"},
				"down": {"uv": [8, 14, 8.4, 13.6], "rotation": 90, "texture": "#5"}
			}
		},
		{
			"from": [12.83707, 13.76167, 7.35989],
			"to": [13.33707, 14.26167, 7.85989],
			"rotation": {"angle": -45, "axis": "z", "origin": [13.09342, 11.45056, 7.67239]},
			"faces": {
				"north": {"uv": [8.8, 14, 9.2, 13.6], "rotation": 270, "texture": "#5"},
				"east": {"uv": [13.6, 9.6, 14, 10], "rotation": 180, "texture": "#5"},
				"west": {"uv": [9.6, 14, 10, 13.6], "texture": "#5"},
				"up": {"uv": [13.6, 8.4, 14, 8], "rotation": 90, "texture": "#5"},
				"down": {"uv": [13.6, 9.2, 14, 8.8], "rotation": 90, "texture": "#5"}
			}
		},
		{
			"from": [13.08207, 13.51167, 6.35989],
			"to": [13.11207, 14.76167, 8.10989],
			"rotation": {"angle": -45, "axis": "z", "origin": [13.09342, 11.45056, 7.67239]},
			"faces": {
				"east": {"uv": [7.2, 0, 8.6, 1], "rotation": 180, "texture": "#5"},
				"west": {"uv": [0, 8.2, 1.4, 7.2], "texture": "#5"}
			}
		},
		{
			"from": [12.83707, 12.76167, 7.85989],
			"to": [13.33707, 14.26167, 8.35989],
			"rotation": {"angle": -45, "axis": "z", "origin": [13.09342, 11.45056, 7.67239]},
			"faces": {
				"north": {"uv": [8.8, 10.8, 10, 10.4], "rotation": 270, "texture": "#5"},
				"east": {"uv": [11.2, 0, 11.6, 1.2], "rotation": 180, "texture": "#5"},
				"south": {"uv": [10.4, 10, 11.6, 9.6], "rotation": 90, "texture": "#5"},
				"west": {"uv": [10.4, 11.6, 10.8, 10.4], "texture": "#5"},
				"up": {"uv": [10.4, 14, 10.8, 13.6], "rotation": 90, "texture": "#5"},
				"down": {"uv": [13.6, 10.8, 14, 10.4], "rotation": 90, "texture": "#5"}
			}
		},
		{
			"from": [13.23067, 11.59678, 7.95989],
			"to": [14.48067, 12.84678, 8.25989],
			"rotation": {"angle": 0, "axis": "z", "origin": [13.09342, 11.45056, 7.67239]},
			"faces": {
				"north": {"uv": [6.4, 9, 7.4, 8], "rotation": 270, "texture": "#5"},
				"east": {"uv": [4, 12.8, 4.2, 13.8], "rotation": 180, "texture": "#5"},
				"south": {"uv": [8, 8.2, 9, 7.2], "rotation": 90, "texture": "#5"},
				"west": {"uv": [3.2, 13.8, 3.4, 12.8], "texture": "#5"},
				"up": {"uv": [2.4, 13.8, 2.6, 12.8], "rotation": 90, "texture": "#5"},
				"down": {"uv": [12.8, 3.4, 13, 2.4], "rotation": 90, "texture": "#5"}
			}
		},
		{
			"from": [11.78613, 10.15224, 7.70989],
			"to": [12.53613, 10.90224, 8.50989],
			"rotation": {"angle": 0, "axis": "z", "origin": [13.09342, 11.45056, 7.67239]},
			"faces": {
				"north": {"uv": [0, 13.4, 0.6, 12.8], "rotation": 270, "texture": "#5"},
				"east": {"uv": [1.6, 12.8, 2.2, 13.4], "rotation": 180, "texture": "#5"},
				"south": {"uv": [0.8, 13.4, 1.4, 12.8], "rotation": 90, "texture": "#5"},
				"west": {"uv": [12.8, 1.4, 13.4, 0.8], "texture": "#5"},
				"up": {"uv": [12, 12.6, 12.6, 12], "rotation": 90, "texture": "#5"},
				"down": {"uv": [12.8, 0.6, 13.4, 0], "rotation": 90, "texture": "#5"}
			}
		},
		{
			"from": [12.70034, 11.06645, 7.70989],
			"to": [13.95034, 12.31645, 8.50989],
			"rotation": {"angle": 0, "axis": "z", "origin": [13.09342, 11.45056, 7.67239]},
			"faces": {
				"north": {"uv": [0, 9.8, 1, 8.8], "rotation": 270, "texture": "#5"},
				"east": {"uv": [3.2, 10.4, 3.8, 11.4], "rotation": 180, "texture": "#5"},
				"south": {"uv": [8.8, 1, 9.8, 0], "rotation": 90, "texture": "#5"},
				"west": {"uv": [2.4, 11.4, 3, 10.4], "texture": "#5"},
				"up": {"uv": [1.6, 11.4, 2.2, 10.4], "rotation": 90, "texture": "#5"},
				"down": {"uv": [10.4, 2.6, 11, 1.6], "rotation": 90, "texture": "#5"}
			}
		},
		{
			"from": [8.8156, 10.5366, 8.08601],
			"to": [11.6276, 12.1926, 8.11601],
			"rotation": {"angle": 22.5, "axis": "z", "origin": [13.09342, 11.45056, 7.67239]},
			"faces": {
				"north": {"uv": [4.8, 3.8, 6.2, 1.6], "rotation": 270, "texture": "#5"},
				"south": {"uv": [2.4, 7, 3.8, 4.8], "rotation": 90, "texture": "#5"}
			}
		},
		{
			"from": [10.0906, 10.5866, 7.76001],
			"to": [11.9026, 11.2426, 8.41601],
			"rotation": {"angle": 22.5, "axis": "z", "origin": [13.09342, 11.45056, 7.67239]},
			"faces": {
				"north": {"uv": [8.8, 6.2, 9.4, 4.8], "rotation": 270, "texture": "#5"},
				"south": {"uv": [8.8, 10.2, 9.4, 8.8], "rotation": 90, "texture": "#5"},
				"west": {"uv": [12.8, 2.2, 13.4, 1.6], "texture": "#5"},
				"up": {"uv": [8.8, 4.6, 9.4, 3.2], "rotation": 90, "texture": "#5"},
				"down": {"uv": [8, 10.2, 8.6, 8.8], "rotation": 90, "texture": "#5"}
			}
		},
		{
			"from": [12.79515, 10.11694, 7.79609],
			"to": [13.37899, 11.28462, 8.37993],
			"rotation": {"angle": -45, "axis": "z", "origin": [13.09342, 11.45056, 7.67239]},
			"faces": {
				"north": {"uv": [6.4, 11.6, 7.4, 11.2], "rotation": 270, "texture": "#5"},
				"east": {"uv": [8.8, 11.2, 9.2, 12.2], "rotation": 180, "texture": "#5"},
				"south": {"uv": [11.2, 6.8, 12.2, 6.4], "rotation": 90, "texture": "#5"},
				"west": {"uv": [11.2, 9, 11.6, 8], "texture": "#5"}
			}
		},
		{
			"from": [3.75, 9.09229, 6.95],
			"to": [6.75, 9.12229, 7.95],
			"rotation": {"angle": 22.5, "axis": "x", "origin": [5.25, 6.18418, 10.27557]},
			"faces": {
				"up": {"uv": [7.2, 4.8, 4.8, 4], "texture": "#5"},
				"down": {"uv": [7.2, 4, 4.8, 4.8], "texture": "#5"}
			}
		},
		{
			"from": [3.75, 7.57692, 10.45473],
			"to": [6.75, 9.57692, 10.48473],
			"rotation": {"angle": -22.5, "axis": "x", "origin": [5.25, 6.58255, 9.33599]},
			"faces": {
				"north": {"uv": [2.4, 4, 0, 5.6], "texture": "#5"},
				"south": {"uv": [0, 4, 2.4, 5.6], "texture": "#5"}
			}
		},
		{
			"from": [3.75, 0.28392, 8.92171],
			"to": [6.75, 2.28392, 8.95171],
			"rotation": {"angle": -22.5, "axis": "x", "origin": [5.25, 5.28955, 7.80297]},
			"faces": {
				"north": {"uv": [7.2, 0, 4.8, 1.6], "texture": "#5"},
				"south": {"uv": [4.8, 0, 7.2, 1.6], "texture": "#5"}
			}
		},
		{
			"from": [3.75, 2.94083, 9.98676],
			"to": [6.75, 7.94083, 10.01676],
			"rotation": {"angle": 0, "axis": "x", "origin": [5.25, 7.51753, 8.9511]},
			"faces": {
				"north": {"uv": [2.4, 0, 0, 4], "texture": "#5"},
				"south": {"uv": [0, 0, 2.4, 4], "texture": "#5"}
			}
		},
		{
			"from": [9.25, 9.09229, 6.95],
			"to": [12.25, 9.12229, 7.95],
			"rotation": {"angle": 22.5, "axis": "x", "origin": [10.75, 6.18418, 10.27557]},
			"faces": {
				"up": {"uv": [4.8, 4.8, 7.2, 4], "texture": "#5"},
				"down": {"uv": [4.8, 4, 7.2, 4.8], "texture": "#5"}
			}
		},
		{
			"from": [9.25, 7.57692, 10.45473],
			"to": [12.25, 9.57692, 10.48473],
			"rotation": {"angle": -22.5, "axis": "x", "origin": [10.75, 6.58255, 9.33599]},
			"faces": {
				"north": {"uv": [0, 4, 2.4, 5.6], "texture": "#5"},
				"south": {"uv": [2.4, 4, 0, 5.6], "texture": "#5"}
			}
		},
		{
			"from": [9.25, 2.94083, 9.98676],
			"to": [12.25, 7.94083, 10.01676],
			"rotation": {"angle": 0, "axis": "x", "origin": [10.75, 7.51753, 8.9511]},
			"faces": {
				"north": {"uv": [0, 0, 2.4, 4], "texture": "#5"},
				"south": {"uv": [2.4, 0, 0, 4], "texture": "#5"}
			}
		},
		{
			"from": [9.25, 0.28392, 8.92171],
			"to": [12.25, 2.28392, 8.95171],
			"rotation": {"angle": -22.5, "axis": "x", "origin": [10.75, 5.28955, 7.80297]},
			"faces": {
				"north": {"uv": [4.8, 0, 7.2, 1.6], "texture": "#5"},
				"south": {"uv": [7.2, 0, 4.8, 1.6], "texture": "#5"}
			}
		}
	],
	"gui_light": "front",
	"display": {
		"thirdperson_righthand": {
			"rotation": [48, 0, 0],
			"translation": [0, 1.25, -1.5]
		},
		"thirdperson_lefthand": {
			"rotation": [66.5, 0, 0],
			"translation": [-5.5, -5.75, 7.5],
			"scale": [2, 2, 2]
		},
		"firstperson_righthand": {
			"rotation": [-15, 180, 0],
			"translation": [-0.5, 3, 3.5]
		},
		"firstperson_lefthand": {
			"rotation": [-15, 0, 0],
			"translation": [0, 0, 0.75],
			"scale": [0, 0, 0]
		},
		"ground": {
			"rotation": [-45, 0, 0],
			"translation": [0, 4.5, 0]
		},
		"gui": {
			"rotation": [0, 180, 0],
			"translation": [0, 1, 0],
			"scale": [1.33008, 1.33008, 1.33008]
		},
		"head": {
			"translation": [0, -14, 2.75],
			"scale": [2.85156, 2.85156, 2.85156]
		},
		"fixed": {
			"rotation": [0, 180, 0],
			"translation": [0, 3.5, -1.75],
			"scale": [3, 3, 3]
		}
	}
}