{
	"credit": "Made by PolygonMC",
	"texture_size": [24, 24],
	"textures": {
		"2": "fiendskullset/animations/animations_1",
		"3": "fiendskullset/fishing_rod_cast",
		"particle": "fiendskullset/fishing_rod_cast"
	},
	"elements": [
		{
			"from": [7.5, 0.75, 7.5],
			"to": [8.5, 1.25, 8.5],
			"rotation": {"angle": 0, "axis": "y", "origin": [7.5, 0, 7.5]},
			"faces": {
				"north": {"uv": [11.33333, 10, 12, 10.33333], "texture": "#3"},
				"east": {"uv": [11.33333, 10.66667, 12, 11], "texture": "#3"},
				"south": {"uv": [11.33333, 11.33333, 12, 11.66667], "texture": "#3"},
				"west": {"uv": [0, 12, 0.66667, 12.33333], "texture": "#3"}
			}
		},
		{
			"from": [7.5, 6.75, 7.5],
			"to": [8.5, 7.75, 8.5],
			"rotation": {"angle": 0, "axis": "y", "origin": [7.5, 2, 7.5]},
			"faces": {
				"north": {"uv": [4.66667, 5.33333, 5.33333, 6], "texture": "#3"},
				"east": {"uv": [4, 9.33333, 4.66667, 10], "texture": "#3"},
				"south": {"uv": [4.66667, 9.33333, 5.33333, 10], "texture": "#3"},
				"west": {"uv": [5.33333, 9.33333, 6, 10], "texture": "#3"}
			}
		},
		{
			"from": [7.5, 5.25, 7.5],
			"to": [8.5, 6.25, 8.5],
			"rotation": {"angle": 0, "axis": "y", "origin": [7.5, 2, 7.5]},
			"faces": {
				"north": {"uv": [6, 9.33333, 6.66667, 10], "texture": "#3"},
				"east": {"uv": [9.33333, 6.66667, 10, 7.33333], "texture": "#3"},
				"south": {"uv": [9.33333, 7.33333, 10, 8], "texture": "#3"},
				"west": {"uv": [8, 9.33333, 8.66667, 10], "texture": "#3"},
				"down": {"uv": [10, 8, 9.33333, 8.66667], "texture": "#3"}
			}
		},
		{
			"from": [7.5, 1.75, 7.5],
			"to": [8.5, 2.75, 8.5],
			"rotation": {"angle": 0, "axis": "y", "origin": [7.5, 2, 7.5]},
			"faces": {
				"north": {"uv": [9.33333, 8.66667, 10, 9.33333], "texture": "#3"},
				"east": {"uv": [9.33333, 9.33333, 10, 10], "texture": "#3"},
				"south": {"uv": [0, 10, 0.66667, 10.66667], "texture": "#3"},
				"west": {"uv": [10, 0, 10.66667, 0.66667], "texture": "#3"},
				"up": {"uv": [1.33333, 10.66667, 0.66667, 10], "texture": "#3"}
			}
		},
		{
			"from": [7.6, 2.75, 7.6],
			"to": [8.4, 5.25, 8.4],
			"rotation": {"angle": 0, "axis": "y", "origin": [7.5, 2, 7.5]},
			"faces": {
				"north": {"uv": [8, 5.33333, 8.5, 7], "texture": "#3"},
				"east": {"uv": [6.66667, 8, 7.16667, 9.66667], "texture": "#3"},
				"south": {"uv": [7.33333, 8, 7.83333, 9.66667], "texture": "#3"},
				"west": {"uv": [8, 7.33333, 8.5, 9], "texture": "#3"}
			}
		},
		{
			"from": [7.4, 1.25, 7.4],
			"to": [8.6, 1.75, 8.6],
			"rotation": {"angle": 0, "axis": "y", "origin": [7.5, 2, 7.5]},
			"faces": {
				"north": {"uv": [11.33333, 5.33333, 12.16667, 5.66667], "texture": "#3"},
				"east": {"uv": [11.33333, 6, 12.16667, 6.33333], "texture": "#3"},
				"south": {"uv": [11.33333, 6.66667, 12.16667, 7], "texture": "#3"},
				"west": {"uv": [7.33333, 11.33333, 8.16667, 11.66667], "texture": "#3"},
				"up": {"uv": [2.16667, 9.5, 1.33333, 8.66667], "texture": "#3"},
				"down": {"uv": [9.5, 1.33333, 8.66667, 2.16667], "texture": "#3"}
			}
		},
		{
			"from": [7.4, 6.25, 7.4],
			"to": [8.6, 6.75, 8.6],
			"rotation": {"angle": 0, "axis": "y", "origin": [7.5, 2, 7.5]},
			"faces": {
				"north": {"uv": [11.33333, 7.33333, 12.16667, 7.66667], "texture": "#3"},
				"east": {"uv": [11.33333, 8, 12.16667, 8.33333], "texture": "#3"},
				"south": {"uv": [8.66667, 11.33333, 9.5, 11.66667], "texture": "#3"},
				"west": {"uv": [11.33333, 8.66667, 12.16667, 9], "texture": "#3"},
				"up": {"uv": [9.5, 3.5, 8.66667, 2.66667], "texture": "#3"},
				"down": {"uv": [9.5, 4, 8.66667, 4.83333], "texture": "#3"}
			}
		},
		{
			"from": [7.455, -0.045, 7.455],
			"to": [8.545, 1.045, 8.545],
			"rotation": {"angle": -45, "axis": "x", "origin": [8, 0.5, 8]},
			"faces": {
				"north": {"uv": [10, 0.66667, 10.66667, 1.33333], "texture": "#3"},
				"east": {"uv": [1.33333, 10, 2, 10.66667], "texture": "#3"},
				"south": {"uv": [10, 1.33333, 10.66667, 2], "texture": "#3"},
				"west": {"uv": [2, 10, 2.66667, 10.66667], "texture": "#3"},
				"up": {"uv": [10.66667, 2.66667, 10, 2], "texture": "#3"},
				"down": {"uv": [10.66667, 2.66667, 10, 3.33333], "texture": "#3"}
			}
		},
		{
			"from": [7, 7.625, 6.7],
			"to": [9, 9.625, 8.95],
			"rotation": {"angle": 22.5, "axis": "x", "origin": [8, 7.78924, 7.60187]},
			"faces": {
				"north": {"uv": [6.66667, 1.33333, 8, 2.66667], "texture": "#3"},
				"east": {"uv": [4.66667, 1.33333, 6.16667, 2.66667], "texture": "#3"},
				"south": {"uv": [6.66667, 2.66667, 8, 4], "texture": "#3"},
				"west": {"uv": [4.66667, 2.66667, 6.16667, 4], "texture": "#3"},
				"up": {"uv": [4.66667, 6.83333, 3.33333, 5.33333], "texture": "#3"},
				"down": {"uv": [6.66667, 4, 5.33333, 5.5], "texture": "#3"}
			}
		},
		{
			"from": [7, 7.17098, 7.01882],
			"to": [9, 7.67098, 7.04882],
			"rotation": {"angle": 22.5, "axis": "x", "origin": [8, 7.98522, 7.52069]},
			"faces": {
				"north": {"uv": [10, 3.33333, 11.33333, 3.66667], "texture": "#3"},
				"south": {"uv": [4, 10, 5.33333, 10.33333], "texture": "#3"}
			}
		},
		{
			"from": [6.75, 6.27088, 6.9258],
			"to": [7, 6.77088, 8.9258],
			"rotation": {"angle": -22.5, "axis": "x", "origin": [8, 6.77088, 7.6758]},
			"faces": {
				"north": {"uv": [13.33333, 4, 13.5, 4.33333], "texture": "#3"},
				"east": {"uv": [10, 4, 11.33333, 4.33333], "texture": "#3"},
				"south": {"uv": [4.66667, 13.33333, 4.83333, 13.66667], "texture": "#3"},
				"west": {"uv": [10, 4.66667, 11.33333, 5], "texture": "#3"},
				"up": {"uv": [0.83333, 13.33333, 0.66667, 12], "texture": "#3"},
				"down": {"uv": [1.5, 12, 1.33333, 13.33333], "texture": "#3"}
			}
		},
		{
			"from": [7, 6.27088, 6.6758],
			"to": [9, 6.77088, 7.1758],
			"rotation": {"angle": -22.5, "axis": "x", "origin": [8, 6.77088, 7.6758]},
			"faces": {
				"north": {"uv": [5.33333, 10, 6.66667, 10.33333], "texture": "#3"},
				"east": {"uv": [12.66667, 5.33333, 13, 5.66667], "texture": "#3"},
				"south": {"uv": [6.66667, 10, 8, 10.33333], "texture": "#3"},
				"west": {"uv": [12.66667, 6, 13, 6.33333], "texture": "#3"},
				"up": {"uv": [11.33333, 7, 10, 6.66667], "texture": "#3"},
				"down": {"uv": [11.33333, 7.33333, 10, 7.66667], "texture": "#3"}
			}
		},
		{
			"from": [6.75, 6.77088, 7.9258],
			"to": [7, 7.27088, 8.9258],
			"rotation": {"angle": -22.5, "axis": "x", "origin": [8, 6.77088, 7.6758]},
			"faces": {
				"north": {"uv": [13.33333, 4.66667, 13.5, 5], "texture": "#3"},
				"east": {"uv": [12, 1.33333, 12.66667, 1.66667], "texture": "#3"},
				"south": {"uv": [5.33333, 13.33333, 5.5, 13.66667], "texture": "#3"},
				"west": {"uv": [2, 12, 2.66667, 12.33333], "texture": "#3"},
				"up": {"uv": [6.83333, 13.33333, 6.66667, 12.66667], "texture": "#3"}
			}
		},
		{
			"from": [9, 6.77088, 7.9258],
			"to": [9.25, 7.27088, 8.9258],
			"rotation": {"angle": -22.5, "axis": "x", "origin": [8, 6.77088, 7.6758]},
			"faces": {
				"north": {"uv": [13.33333, 5.33333, 13.5, 5.66667], "texture": "#3"},
				"east": {"uv": [12, 2, 12.66667, 2.33333], "texture": "#3"},
				"south": {"uv": [6, 13.33333, 6.16667, 13.66667], "texture": "#3"},
				"west": {"uv": [12, 2.66667, 12.66667, 3], "texture": "#3"},
				"up": {"uv": [12.83333, 7.33333, 12.66667, 6.66667], "texture": "#3"}
			}
		},
		{
			"from": [9.07, 6.77088, 7.0258],
			"to": [9.1, 7.27088, 7.9258],
			"rotation": {"angle": -22.5, "axis": "x", "origin": [8, 6.77088, 7.6758]},
			"faces": {
				"east": {"uv": [3.33333, 12, 4, 12.33333], "texture": "#3"},
				"west": {"uv": [12, 3.33333, 12.66667, 3.66667], "texture": "#3"}
			}
		},
		{
			"from": [6.9, 6.77088, 7.0258],
			"to": [9.1, 7.27088, 7.0558],
			"rotation": {"angle": -22.5, "axis": "x", "origin": [8, 6.77088, 7.6758]},
			"faces": {
				"north": {"uv": [8.66667, 5.33333, 10.16667, 5.66667], "texture": "#3"},
				"south": {"uv": [8.66667, 6, 10.16667, 6.33333], "texture": "#3"}
			}
		},
		{
			"from": [6.9, 6.77088, 7.0258],
			"to": [6.93, 7.27088, 7.9258],
			"rotation": {"angle": -22.5, "axis": "x", "origin": [8, 6.77088, 7.6758]},
			"faces": {
				"east": {"uv": [4, 12, 4.66667, 12.33333], "texture": "#3"},
				"west": {"uv": [12, 4, 12.66667, 4.33333], "texture": "#3"}
			}
		},
		{
			"from": [9, 6.27088, 6.9258],
			"to": [9.25, 6.77088, 8.9258],
			"rotation": {"angle": -22.5, "axis": "x", "origin": [8, 6.77088, 7.6758]},
			"faces": {
				"north": {"uv": [13.33333, 6, 13.5, 6.33333], "texture": "#3"},
				"east": {"uv": [10, 8, 11.33333, 8.33333], "texture": "#3"},
				"south": {"uv": [6.66667, 13.33333, 6.83333, 13.66667], "texture": "#3"},
				"west": {"uv": [10, 8.66667, 11.33333, 9], "texture": "#3"},
				"up": {"uv": [5.5, 13.33333, 5.33333, 12], "texture": "#3"},
				"down": {"uv": [6.16667, 12, 6, 13.33333], "texture": "#3"}
			}
		},
		{
			"from": [8.5, 8.875, 6.55],
			"to": [9.25, 9.125, 7.05],
			"rotation": {"angle": 22.5, "axis": "x", "origin": [8, 7.78924, 7.60187]},
			"faces": {
				"north": {"uv": [13.33333, 2.66667, 13.83333, 2.83333], "texture": "#3"},
				"east": {"uv": [13.33333, 6.66667, 13.66667, 6.83333], "texture": "#3"},
				"south": {"uv": [3.33333, 13.33333, 3.83333, 13.5], "texture": "#3"},
				"west": {"uv": [7.33333, 13.33333, 7.66667, 13.5], "texture": "#3"},
				"up": {"uv": [4.5, 13, 4, 12.66667], "texture": "#3"},
				"down": {"uv": [13.16667, 4, 12.66667, 4.33333], "texture": "#3"}
			}
		},
		{
			"from": [6.75, 8.875, 6.55],
			"to": [7.5, 9.125, 7.05],
			"rotation": {"angle": 22.5, "axis": "x", "origin": [8, 7.78924, 7.60187]},
			"faces": {
				"north": {"uv": [13.33333, 3.33333, 13.83333, 3.5], "texture": "#3"},
				"east": {"uv": [13.33333, 7.33333, 13.66667, 7.5], "texture": "#3"},
				"south": {"uv": [4, 13.33333, 4.5, 13.5], "texture": "#3"},
				"west": {"uv": [8, 13.33333, 8.33333, 13.5], "texture": "#3"},
				"up": {"uv": [5.16667, 13, 4.66667, 12.66667], "texture": "#3"},
				"down": {"uv": [13.16667, 4.66667, 12.66667, 5], "texture": "#3"}
			}
		},
		{
			"from": [6.75, 8.125, 7.2],
			"to": [9.25, 9.875, 9.2],
			"rotation": {"angle": 22.5, "axis": "x", "origin": [8, 7.78924, 7.60187]},
			"faces": {
				"north": {"uv": [4.66667, 6, 6.33333, 7.16667], "texture": "#3"},
				"east": {"uv": [0, 7.33333, 1.33333, 8.5], "texture": "#3"},
				"south": {"uv": [6.66667, 0, 8.33333, 1.16667], "texture": "#3"},
				"west": {"uv": [1.33333, 7.33333, 2.66667, 8.5], "texture": "#3"},
				"up": {"uv": [5, 5.33333, 3.33333, 4], "texture": "#3"},
				"down": {"uv": [6.33333, 0, 4.66667, 1.33333], "texture": "#3"}
			}
		},
		{
			"from": [7.985, -2.5, 7],
			"to": [8.015, 0.5, 9],
			"rotation": {"angle": 0, "axis": "y", "origin": [7.985, 0, 7]},
			"faces": {
				"east": {"uv": [3.33333, 0, 4.66667, 2], "texture": "#3"},
				"west": {"uv": [3.33333, 2, 4.66667, 4], "texture": "#3"}
			}
		},
		{
			"from": [6.85, 5.025, 7.1],
			"to": [6.88, 6.525, 8.35],
			"rotation": {"angle": 0, "axis": "y", "origin": [0, -8.325, -0.25]},
			"faces": {
				"east": {"uv": [0, 8.66667, 0.83333, 9.66667], "texture": "#3"},
				"west": {"uv": [8.66667, 0, 9.5, 1], "texture": "#3"}
			}
		},
		{
			"from": [7.25, 12.75, 5.75],
			"to": [7.28, 13.75, 6.5],
			"rotation": {"angle": 0, "axis": "y", "origin": [8.015, 13.25, 8.125]},
			"faces": {
				"east": {"uv": [11.33333, 4.66667, 11.83333, 5.33333], "texture": "#3"},
				"west": {"uv": [5.33333, 11.33333, 5.83333, 12], "texture": "#3"}
			}
		},
		{
			"from": [7.2, 9.2682, 5.94994],
			"to": [7.23, 11.2682, 7.94994],
			"rotation": {"angle": 0, "axis": "y", "origin": [8.0025, 13.95186, 8.863]},
			"faces": {
				"east": {"uv": [6.66667, 4, 8, 5.33333], "texture": "#3"},
				"west": {"uv": [6.66667, 5.33333, 8, 6.66667], "texture": "#3"}
			}
		},
		{
			"from": [6.8, 6.8, 7.1],
			"to": [6.8, 8.8, 9.1],
			"rotation": {"angle": 0, "axis": "y", "origin": [8, -8.325, -0.25]},
			"faces": {
				"north": {"uv": [0, 0, 0, 1.33333], "texture": "#3"},
				"south": {"uv": [0, 0, 0, 1.33333], "texture": "#3"},
				"west": {"uv": [6.66667, 6.66667, 8, 8], "texture": "#3"},
				"up": {"uv": [0, 1.33333, 0, 0], "texture": "#3"},
				"down": {"uv": [0, 0, 0, 1.33333], "texture": "#3"}
			}
		},
		{
			"from": [7.61, 4.65, 3.5],
			"to": [7.64, 10.65, 7.5],
			"rotation": {"angle": 45, "axis": "z", "origin": [7.625, 7.65, 5.5]},
			"faces": {
				"east": {"uv": [8, 0, 0, 12], "texture": "#2"},
				"west": {"uv": [0, 0, 8, 12], "texture": "#2"}
			}
		},
		{
			"from": [8.36, 4.65, 3.5],
			"to": [8.39, 10.65, 7.5],
			"rotation": {"angle": -45, "axis": "z", "origin": [8.375, 7.65, 5.5]},
			"faces": {
				"east": {"uv": [8, 0, 0, 12], "texture": "#2"},
				"west": {"uv": [0, 0, 8, 12], "texture": "#2"}
			}
		},
		{
			"from": [7.5, 9.60465, 7.5],
			"to": [8.5, 12.60465, 8.5],
			"rotation": {"angle": 0, "axis": "y", "origin": [7.5, 9.10465, 7.5]},
			"faces": {
				"north": {"uv": [2.66667, 7.33333, 3.33333, 9.33333], "texture": "#3"},
				"east": {"uv": [3.33333, 7.33333, 4, 9.33333], "texture": "#3"},
				"south": {"uv": [4, 7.33333, 4.66667, 9.33333], "texture": "#3"},
				"west": {"uv": [4.66667, 7.33333, 5.33333, 9.33333], "texture": "#3"},
				"up": {"uv": [8.66667, 10.66667, 8, 10], "texture": "#3"},
				"down": {"uv": [10, 10, 9.33333, 10.66667], "texture": "#3"}
			}
		},
		{
			"from": [7.6, 12.60465, 7.6],
			"to": [8.4, 15.35465, 8.4],
			"rotation": {"angle": 0, "axis": "y", "origin": [7.5, 9.10465, 7.5]},
			"faces": {
				"north": {"uv": [5.33333, 7.33333, 5.83333, 9.16667], "texture": "#3"},
				"east": {"uv": [6, 7.33333, 6.5, 9.16667], "texture": "#3"},
				"south": {"uv": [8, 1.33333, 8.5, 3.16667], "texture": "#3"},
				"west": {"uv": [8, 3.33333, 8.5, 5.16667], "texture": "#3"},
				"up": {"uv": [6.5, 11.83333, 6, 11.33333], "texture": "#3"},
				"down": {"uv": [11.83333, 9.33333, 11.33333, 9.83333], "texture": "#3"}
			}
		},
		{
			"from": [7.7, 15.27965, 7.225],
			"to": [8.3, 17.52965, 7.825],
			"rotation": {"angle": -22.5, "axis": "x", "origin": [8, 16.60465, 8]},
			"faces": {
				"north": {"uv": [8.66667, 6.66667, 9, 8.16667], "texture": "#3"},
				"east": {"uv": [8.66667, 8.66667, 9, 10.16667], "texture": "#3"},
				"south": {"uv": [2.66667, 9.33333, 3, 10.83333], "texture": "#3"},
				"west": {"uv": [3.33333, 9.33333, 3.66667, 10.83333], "texture": "#3"},
				"up": {"uv": [7.66667, 13, 7.33333, 12.66667], "texture": "#3"},
				"down": {"uv": [13, 7.33333, 12.66667, 7.66667], "texture": "#3"}
			}
		},
		{
			"from": [7.985, 7, 3.25],
			"to": [8.015, 18, 7.75],
			"rotation": {"angle": 0, "axis": "y", "origin": [7.985, 8, 1.75]},
			"faces": {
				"east": {"uv": [3, 0, 0, 7.33333], "texture": "#3"},
				"west": {"uv": [0, 0, 3, 7.33333], "texture": "#3"}
			}
		},
		{
			"from": [7, 10.75, 5.75],
			"to": [7.5, 11.25, 7.75],
			"rotation": {"angle": 0, "axis": "y", "origin": [7, 10.75, 5.75]},
			"faces": {
				"north": {"uv": [8, 12.66667, 8.33333, 13], "texture": "#3"},
				"east": {"uv": [10, 9.33333, 11.33333, 9.66667], "texture": "#3"},
				"south": {"uv": [12.66667, 8, 13, 8.33333], "texture": "#3"},
				"west": {"uv": [10, 10, 11.33333, 10.33333], "texture": "#3"},
				"up": {"uv": [0.33333, 12, 0, 10.66667], "texture": "#3"},
				"down": {"uv": [11, 0, 10.66667, 1.33333], "texture": "#3"}
			}
		},
		{
			"from": [8.5, 10.75, 5.75],
			"to": [9, 11.25, 7.75],
			"rotation": {"angle": 0, "axis": "y", "origin": [8.5, 10.75, 5.75]},
			"faces": {
				"north": {"uv": [8.66667, 12.66667, 9, 13], "texture": "#3"},
				"east": {"uv": [0.66667, 10.66667, 2, 11], "texture": "#3"},
				"south": {"uv": [12.66667, 8.66667, 13, 9], "texture": "#3"},
				"west": {"uv": [10.66667, 1.33333, 12, 1.66667], "texture": "#3"},
				"up": {"uv": [2.33333, 12, 2, 10.66667], "texture": "#3"},
				"down": {"uv": [11, 2, 10.66667, 3.33333], "texture": "#3"}
			}
		},
		{
			"from": [7.5, 10.75, 7.25],
			"to": [8.5, 11.25, 7.75],
			"rotation": {"angle": 0, "axis": "y", "origin": [8, 10.75, 5.75]},
			"faces": {
				"north": {"uv": [12, 4.66667, 12.66667, 5], "texture": "#3"},
				"east": {"uv": [9.33333, 12.66667, 9.66667, 13], "texture": "#3"},
				"south": {"uv": [6.66667, 12, 7.33333, 12.33333], "texture": "#3"},
				"west": {"uv": [12.66667, 9.33333, 13, 9.66667], "texture": "#3"},
				"up": {"uv": [8, 12.33333, 7.33333, 12], "texture": "#3"},
				"down": {"uv": [8.66667, 12, 8, 12.33333], "texture": "#3"}
			}
		},
		{
			"from": [7.5, 10.75, 5.75],
			"to": [8.5, 11.25, 6.25],
			"rotation": {"angle": 0, "axis": "y", "origin": [8, 10.75, 4.25]},
			"faces": {
				"north": {"uv": [8.66667, 12, 9.33333, 12.33333], "texture": "#3"},
				"east": {"uv": [10, 12.66667, 10.33333, 13], "texture": "#3"},
				"south": {"uv": [9.33333, 12, 10, 12.33333], "texture": "#3"},
				"west": {"uv": [12.66667, 10, 13, 10.33333], "texture": "#3"},
				"up": {"uv": [12.66667, 9.66667, 12, 9.33333], "texture": "#3"},
				"down": {"uv": [10.66667, 12, 10, 12.33333], "texture": "#3"}
			}
		},
		{
			"from": [7.5, 13.75, 5.75],
			"to": [8.5, 14.25, 6.25],
			"rotation": {"angle": 0, "axis": "y", "origin": [8, 13.75, 4.25]},
			"faces": {
				"north": {"uv": [12, 11.33333, 12.66667, 11.66667], "texture": "#3"},
				"east": {"uv": [12.66667, 12.66667, 13, 13], "texture": "#3"},
				"south": {"uv": [12, 12, 12.66667, 12.33333], "texture": "#3"},
				"west": {"uv": [0, 13.33333, 0.33333, 13.66667], "texture": "#3"},
				"up": {"uv": [0.66667, 13, 0, 12.66667], "texture": "#3"},
				"down": {"uv": [13.33333, 0, 12.66667, 0.33333], "texture": "#3"}
			}
		},
		{
			"from": [7, 13.75, 5.75],
			"to": [7.5, 14.25, 7.75],
			"rotation": {"angle": 0, "axis": "y", "origin": [7, 13.75, 5.75]},
			"faces": {
				"north": {"uv": [12, 12.66667, 12.33333, 13], "texture": "#3"},
				"east": {"uv": [7.33333, 10.66667, 8.66667, 11], "texture": "#3"},
				"south": {"uv": [12.66667, 12, 13, 12.33333], "texture": "#3"},
				"west": {"uv": [8.66667, 10.66667, 10, 11], "texture": "#3"},
				"up": {"uv": [10.33333, 12, 10, 10.66667], "texture": "#3"},
				"down": {"uv": [11, 10.66667, 10.66667, 12], "texture": "#3"}
			}
		},
		{
			"from": [7.5, 13.75, 7.25],
			"to": [8.5, 14.25, 7.75],
			"rotation": {"angle": 0, "axis": "y", "origin": [8, 13.75, 5.75]},
			"faces": {
				"north": {"uv": [12, 10, 12.66667, 10.33333], "texture": "#3"},
				"east": {"uv": [11.33333, 12.66667, 11.66667, 13], "texture": "#3"},
				"south": {"uv": [10.66667, 12, 11.33333, 12.33333], "texture": "#3"},
				"west": {"uv": [12.66667, 11.33333, 13, 11.66667], "texture": "#3"},
				"up": {"uv": [12.66667, 11, 12, 10.66667], "texture": "#3"},
				"down": {"uv": [12, 12, 11.33333, 12.33333], "texture": "#3"}
			}
		},
		{
			"from": [8.5, 13.75, 5.75],
			"to": [9, 14.25, 7.75],
			"rotation": {"angle": 0, "axis": "y", "origin": [8.5, 13.75, 5.75]},
			"faces": {
				"north": {"uv": [10.66667, 12.66667, 11, 13], "texture": "#3"},
				"east": {"uv": [4, 10.66667, 5.33333, 11], "texture": "#3"},
				"south": {"uv": [12.66667, 10.66667, 13, 11], "texture": "#3"},
				"west": {"uv": [5.33333, 10.66667, 6.66667, 11], "texture": "#3"},
				"up": {"uv": [11, 6.66667, 10.66667, 5.33333], "texture": "#3"},
				"down": {"uv": [7, 10.66667, 6.66667, 12], "texture": "#3"}
			}
		},
		{
			"from": [7.5, 16.25, 5.5],
			"to": [8.5, 16.75, 6],
			"rotation": {"angle": -22.5, "axis": "x", "origin": [8, 16, 6.75]},
			"faces": {
				"north": {"uv": [2.66667, 12.66667, 3.33333, 13], "texture": "#3"},
				"east": {"uv": [13.33333, 2, 13.66667, 2.33333], "texture": "#3"},
				"south": {"uv": [12.66667, 2.66667, 13.33333, 3], "texture": "#3"},
				"west": {"uv": [2.66667, 13.33333, 3, 13.66667], "texture": "#3"},
				"up": {"uv": [4, 13, 3.33333, 12.66667], "texture": "#3"},
				"down": {"uv": [13.33333, 3.33333, 12.66667, 3.66667], "texture": "#3"}
			}
		},
		{
			"from": [7, 16.25, 5.5],
			"to": [7.5, 16.75, 7.5],
			"rotation": {"angle": -22.5, "axis": "x", "origin": [8, 16, 6.75]},
			"faces": {
				"north": {"uv": [13.33333, 1.33333, 13.66667, 1.66667], "texture": "#3"},
				"east": {"uv": [11.33333, 0.66667, 12.66667, 1], "texture": "#3"},
				"south": {"uv": [2, 13.33333, 2.33333, 13.66667], "texture": "#3"},
				"west": {"uv": [3.33333, 11.33333, 4.66667, 11.66667], "texture": "#3"},
				"up": {"uv": [11.66667, 4.66667, 11.33333, 3.33333], "texture": "#3"},
				"down": {"uv": [5, 11.33333, 4.66667, 12.66667], "texture": "#3"}
			}
		},
		{
			"from": [7.5, 16.25, 7],
			"to": [8.5, 16.75, 7.5],
			"rotation": {"angle": -22.5, "axis": "x", "origin": [8, 16, 6.75]},
			"faces": {
				"north": {"uv": [12.66667, 0.66667, 13.33333, 1], "texture": "#3"},
				"east": {"uv": [13.33333, 0.66667, 13.66667, 1], "texture": "#3"},
				"south": {"uv": [12.66667, 1.33333, 13.33333, 1.66667], "texture": "#3"},
				"west": {"uv": [1.33333, 13.33333, 1.66667, 13.66667], "texture": "#3"},
				"up": {"uv": [2.66667, 13, 2, 12.66667], "texture": "#3"},
				"down": {"uv": [13.33333, 2, 12.66667, 2.33333], "texture": "#3"}
			}
		},
		{
			"from": [8.5, 16.25, 5.5],
			"to": [9, 16.75, 7.5],
			"rotation": {"angle": -22.5, "axis": "x", "origin": [8, 16, 6.75]},
			"faces": {
				"north": {"uv": [13.33333, 0, 13.66667, 0.33333], "texture": "#3"},
				"east": {"uv": [11.33333, 0, 12.66667, 0.33333], "texture": "#3"},
				"south": {"uv": [0.66667, 13.33333, 1, 13.66667], "texture": "#3"},
				"west": {"uv": [0.66667, 11.33333, 2, 11.66667], "texture": "#3"},
				"up": {"uv": [11.66667, 3.33333, 11.33333, 2], "texture": "#3"},
				"down": {"uv": [3, 11.33333, 2.66667, 12.66667], "texture": "#3"}
			}
		}
	],
	"gui_light": "front",
	"display": {
		"thirdperson_righthand": {
			"rotation": [18.75, 0, 0],
			"translation": [0, 2.25, 1.75]
		},
		"thirdperson_lefthand": {
			"rotation": [18.75, 0, 0],
			"translation": [0, 2.25, 1.75]
		},
		"firstperson_righthand": {
			"rotation": [-51, 0, -24],
			"translation": [-3.5, 5, 4.5]
		},
		"firstperson_lefthand": {
			"rotation": [-51, 0, -24],
			"translation": [-3.5, 5, 4.5]
		},
		"ground": {
			"rotation": [-45, 0, 0],
			"translation": [0, 4.5, 0]
		},
		"gui": {
			"rotation": [-90, 45, 90],
			"translation": [0.5, 0.25, 0],
			"scale": [0.8, 0.8, 0.8]
		},
		"head": {
			"rotation": [0, -90, 0]
		},
		"fixed": {
			"rotation": [0, -90, 0],
			"translation": [0, 0.25, -2.25],
			"scale": [2.5, 2.5, 2.5]
		}
	}
}