{
	"credit": "Made by PolygonMC",
	"texture_size": [28, 28],
	"textures": {
		"2": "fiendskullset/animations/animations_1",
		"4": "fiendskullset/hammer",
		"particle": "fiendskullset/hammer"
	},
	"elements": [
		{
			"from": [7.5, 0.75, 7.5],
			"to": [8.5, 1.25, 8.5],
			"rotation": {"angle": 0, "axis": "y", "origin": [7.5, 0, 7.5]},
			"faces": {
				"north": {"uv": [11.42857, 14.28571, 12, 14.57143], "texture": "#4"},
				"east": {"uv": [12, 14.28571, 12.57143, 14.57143], "texture": "#4"},
				"south": {"uv": [14.28571, 12, 14.85714, 12.28571], "texture": "#4"},
				"west": {"uv": [12.57143, 14.28571, 13.14286, 14.57143], "texture": "#4"}
			}
		},
		{
			"from": [7.5, 14.25, 7.5],
			"to": [8.5, 15.25, 8.5],
			"rotation": {"angle": 0, "axis": "y", "origin": [7.5, 9.5, 7.5]},
			"faces": {
				"north": {"uv": [6.85714, 6.28571, 7.42857, 6.85714], "texture": "#4"},
				"east": {"uv": [1.14286, 7.42857, 1.71429, 8], "texture": "#4"},
				"south": {"uv": [7.42857, 1.14286, 8, 1.71429], "texture": "#4"},
				"west": {"uv": [6.85714, 8, 7.42857, 8.57143], "texture": "#4"}
			}
		},
		{
			"from": [7.5, 8.25, 7.5],
			"to": [8.5, 9.25, 8.5],
			"rotation": {"angle": 0, "axis": "y", "origin": [7.5, 5, 7.5]},
			"faces": {
				"north": {"uv": [10.28571, 8, 10.85714, 8.57143], "texture": "#4"},
				"east": {"uv": [11.42857, 5.14286, 12, 5.71429], "texture": "#4"},
				"south": {"uv": [12.57143, 12, 13.14286, 12.57143], "texture": "#4"},
				"west": {"uv": [0, 13.14286, 0.57143, 13.71429], "texture": "#4"},
				"down": {"uv": [1.14286, 13.14286, 0.57143, 13.71429], "texture": "#4"}
			}
		},
		{
			"from": [7.5, 4.75, 7.5],
			"to": [8.5, 5.75, 8.5],
			"rotation": {"angle": 0, "axis": "y", "origin": [7.5, 5, 7.5]},
			"faces": {
				"north": {"uv": [1.14286, 13.14286, 1.71429, 13.71429], "texture": "#4"},
				"east": {"uv": [13.14286, 1.14286, 13.71429, 1.71429], "texture": "#4"},
				"south": {"uv": [1.71429, 13.14286, 2.28571, 13.71429], "texture": "#4"},
				"west": {"uv": [13.14286, 1.71429, 13.71429, 2.28571], "texture": "#4"},
				"up": {"uv": [2.85714, 13.71429, 2.28571, 13.14286], "texture": "#4"}
			}
		},
		{
			"from": [7.6, 5.75, 7.6],
			"to": [8.4, 8.25, 8.4],
			"rotation": {"angle": 0, "axis": "y", "origin": [7.5, 5, 7.5]},
			"faces": {
				"north": {"uv": [11.42857, 0, 11.85714, 1.42857], "texture": "#4"},
				"east": {"uv": [1.14286, 11.42857, 1.57143, 12.85714], "texture": "#4"},
				"south": {"uv": [1.71429, 11.42857, 2.14286, 12.85714], "texture": "#4"},
				"west": {"uv": [11.42857, 1.71429, 11.85714, 3.14286], "texture": "#4"}
			}
		},
		{
			"from": [7.4, 4.25, 7.4],
			"to": [8.6, 4.75, 8.6],
			"rotation": {"angle": 0, "axis": "y", "origin": [7.5, 5, 7.5]},
			"faces": {
				"north": {"uv": [13.71429, 3.42857, 14.42857, 3.71429], "texture": "#4"},
				"east": {"uv": [4, 13.71429, 4.71429, 14], "texture": "#4"},
				"south": {"uv": [5.14286, 13.71429, 5.85714, 14], "texture": "#4"},
				"west": {"uv": [6.28571, 13.71429, 7, 14], "texture": "#4"},
				"up": {"uv": [12.71429, 1.85714, 12, 1.14286], "texture": "#4"},
				"down": {"uv": [12.71429, 2.28571, 12, 3], "texture": "#4"}
			}
		},
		{
			"from": [7.4, 1.25, 7.4],
			"to": [8.6, 1.75, 8.6],
			"rotation": {"angle": 0, "axis": "y", "origin": [7.5, 2, 7.5]},
			"faces": {
				"north": {"uv": [7.42857, 13.71429, 8.14286, 14], "texture": "#4"},
				"east": {"uv": [13.71429, 8, 14.42857, 8.28571], "texture": "#4"},
				"south": {"uv": [8.57143, 13.71429, 9.28571, 14], "texture": "#4"},
				"west": {"uv": [13.71429, 8.57143, 14.42857, 8.85714], "texture": "#4"},
				"up": {"uv": [3.57143, 12.71429, 2.85714, 12], "texture": "#4"},
				"down": {"uv": [12.71429, 3.42857, 12, 4.14286], "texture": "#4"}
			}
		},
		{
			"from": [7.4, 9.25, 7.4],
			"to": [8.6, 9.75, 8.6],
			"rotation": {"angle": 0, "axis": "y", "origin": [7.5, 5, 7.5]},
			"faces": {
				"north": {"uv": [13.71429, 9.14286, 14.42857, 9.42857], "texture": "#4"},
				"east": {"uv": [9.71429, 13.71429, 10.42857, 14], "texture": "#4"},
				"south": {"uv": [13.71429, 9.71429, 14.42857, 10], "texture": "#4"},
				"west": {"uv": [13.71429, 10.28571, 14.42857, 10.57143], "texture": "#4"},
				"up": {"uv": [12.71429, 5.28571, 12, 4.57143], "texture": "#4"},
				"down": {"uv": [5.85714, 12, 5.14286, 12.71429], "texture": "#4"}
			}
		},
		{
			"from": [7.4, 13.75, 7.4],
			"to": [8.6, 14.25, 8.6],
			"rotation": {"angle": 0, "axis": "y", "origin": [7.5, 9.5, 7.5]},
			"faces": {
				"north": {"uv": [10.85714, 13.71429, 11.57143, 14], "texture": "#4"},
				"east": {"uv": [13.71429, 10.85714, 14.42857, 11.14286], "texture": "#4"},
				"south": {"uv": [13.71429, 11.42857, 14.42857, 11.71429], "texture": "#4"},
				"west": {"uv": [12, 13.71429, 12.71429, 14], "texture": "#4"},
				"up": {"uv": [7, 12.71429, 6.28571, 12], "texture": "#4"},
				"down": {"uv": [8.14286, 12, 7.42857, 12.71429], "texture": "#4"}
			}
		},
		{
			"from": [7.455, -0.045, 7.455],
			"to": [8.545, 1.045, 8.545],
			"rotation": {"angle": -45, "axis": "x", "origin": [8, 0.5, 8]},
			"faces": {
				"north": {"uv": [13.14286, 2.28571, 13.71429, 2.85714], "texture": "#4"},
				"east": {"uv": [2.85714, 13.14286, 3.42857, 13.71429], "texture": "#4"},
				"south": {"uv": [13.14286, 2.85714, 13.71429, 3.42857], "texture": "#4"},
				"west": {"uv": [3.42857, 13.14286, 4, 13.71429], "texture": "#4"},
				"up": {"uv": [13.71429, 4, 13.14286, 3.42857], "texture": "#4"},
				"down": {"uv": [4.57143, 13.14286, 4, 13.71429], "texture": "#4"}
			}
		},
		{
			"from": [7, 18.7, 6.7],
			"to": [9, 20.7, 8.95],
			"rotation": {"angle": 22.5, "axis": "x", "origin": [8, 18.86424, 7.60187]},
			"faces": {
				"north": {"uv": [8.57143, 8.57143, 9.71429, 9.71429], "texture": "#4"},
				"east": {"uv": [8, 1.14286, 9.28571, 2.28571], "texture": "#4"},
				"south": {"uv": [1.14286, 9.14286, 2.28571, 10.28571], "texture": "#4"},
				"west": {"uv": [8, 2.28571, 9.28571, 3.42857], "texture": "#4"},
				"up": {"uv": [9.14286, 4.71429, 8, 3.42857], "texture": "#4"},
				"down": {"uv": [6.85714, 8, 5.71429, 9.28571], "texture": "#4"}
			}
		},
		{
			"from": [7, 18.24598, 7.01882],
			"to": [9, 18.74598, 7.04882],
			"rotation": {"angle": 22.5, "axis": "x", "origin": [8, 19.06022, 7.52069]},
			"faces": {
				"north": {"uv": [13.14286, 4, 14.28571, 4.28571], "texture": "#4"},
				"south": {"uv": [13.14286, 4.57143, 14.28571, 4.85714], "texture": "#4"}
			}
		},
		{
			"from": [6.75, 17.34588, 6.9258],
			"to": [7, 17.84588, 8.9258],
			"rotation": {"angle": -22.5, "axis": "x", "origin": [8, 17.84588, 7.6758]},
			"faces": {
				"north": {"uv": [14.85714, 13.71429, 15, 14], "texture": "#4"},
				"east": {"uv": [5.14286, 13.14286, 6.28571, 13.42857], "texture": "#4"},
				"south": {"uv": [14.28571, 14.85714, 14.42857, 15.14286], "texture": "#4"},
				"west": {"uv": [13.14286, 5.14286, 14.28571, 5.42857], "texture": "#4"},
				"up": {"uv": [14.42857, 13.71429, 14.28571, 12.57143], "texture": "#4"},
				"down": {"uv": [13.85714, 14.28571, 13.71429, 15.42857], "texture": "#4"}
			}
		},
		{
			"from": [7, 17.34588, 6.6758],
			"to": [9, 17.84588, 7.1758],
			"rotation": {"angle": -22.5, "axis": "x", "origin": [8, 17.84588, 7.6758]},
			"faces": {
				"north": {"uv": [13.14286, 5.71429, 14.28571, 6], "texture": "#4"},
				"east": {"uv": [4, 14.85714, 4.28571, 15.14286], "texture": "#4"},
				"south": {"uv": [6.28571, 13.14286, 7.42857, 13.42857], "texture": "#4"},
				"west": {"uv": [14.85714, 4, 15.14286, 4.28571], "texture": "#4"},
				"up": {"uv": [14.28571, 6.57143, 13.14286, 6.28571], "texture": "#4"},
				"down": {"uv": [14.28571, 6.85714, 13.14286, 7.14286], "texture": "#4"}
			}
		},
		{
			"from": [6.75, 17.84588, 7.9258],
			"to": [7, 18.34588, 8.9258],
			"rotation": {"angle": -22.5, "axis": "x", "origin": [8, 17.84588, 7.6758]},
			"faces": {
				"north": {"uv": [14.85714, 14.28571, 15, 14.57143], "texture": "#4"},
				"east": {"uv": [14.28571, 13.71429, 14.85714, 14], "texture": "#4"},
				"south": {"uv": [14.85714, 14.85714, 15, 15.14286], "texture": "#4"},
				"west": {"uv": [14.28571, 14.28571, 14.85714, 14.57143], "texture": "#4"},
				"up": {"uv": [4.71429, 15.42857, 4.57143, 14.85714], "texture": "#4"}
			}
		},
		{
			"from": [9, 17.84588, 7.9258],
			"to": [9.25, 18.34588, 8.9258],
			"rotation": {"angle": -22.5, "axis": "x", "origin": [8, 17.84588, 7.6758]},
			"faces": {
				"north": {"uv": [0, 15.42857, 0.14286, 15.71429], "texture": "#4"},
				"east": {"uv": [14.85714, 0, 15.42857, 0.28571], "texture": "#4"},
				"south": {"uv": [15.42857, 0, 15.57143, 0.28571], "texture": "#4"},
				"west": {"uv": [0.57143, 14.85714, 1.14286, 15.14286], "texture": "#4"},
				"up": {"uv": [15, 5.14286, 14.85714, 4.57143], "texture": "#4"}
			}
		},
		{
			"from": [9.07, 17.84588, 7.0258],
			"to": [9.1, 18.34588, 7.9258],
			"rotation": {"angle": -22.5, "axis": "x", "origin": [8, 17.84588, 7.6758]},
			"faces": {
				"east": {"uv": [14.85714, 0.57143, 15.42857, 0.85714], "texture": "#4"},
				"west": {"uv": [1.14286, 14.85714, 1.71429, 15.14286], "texture": "#4"}
			}
		},
		{
			"from": [6.9, 17.84588, 7.0258],
			"to": [9.1, 18.34588, 7.0558],
			"rotation": {"angle": -22.5, "axis": "x", "origin": [8, 17.84588, 7.6758]},
			"faces": {
				"north": {"uv": [12.57143, 0.57143, 13.85714, 0.85714], "texture": "#4"},
				"south": {"uv": [12, 12.57143, 13.28571, 12.85714], "texture": "#4"}
			}
		},
		{
			"from": [6.9, 17.84588, 7.0258],
			"to": [6.93, 18.34588, 7.9258],
			"rotation": {"angle": -22.5, "axis": "x", "origin": [8, 17.84588, 7.6758]},
			"faces": {
				"east": {"uv": [14.85714, 1.14286, 15.42857, 1.42857], "texture": "#4"},
				"west": {"uv": [1.71429, 14.85714, 2.28571, 15.14286], "texture": "#4"}
			}
		},
		{
			"from": [9, 17.34588, 6.9258],
			"to": [9.25, 17.84588, 8.9258],
			"rotation": {"angle": -22.5, "axis": "x", "origin": [8, 17.84588, 7.6758]},
			"faces": {
				"north": {"uv": [0.57143, 15.42857, 0.71429, 15.71429], "texture": "#4"},
				"east": {"uv": [7.42857, 13.14286, 8.57143, 13.42857], "texture": "#4"},
				"south": {"uv": [15.42857, 0.57143, 15.57143, 0.85714], "texture": "#4"},
				"west": {"uv": [13.14286, 7.42857, 14.28571, 7.71429], "texture": "#4"},
				"up": {"uv": [15, 2.85714, 14.85714, 1.71429], "texture": "#4"},
				"down": {"uv": [2.42857, 14.85714, 2.28571, 16], "texture": "#4"}
			}
		},
		{
			"from": [8.5, 19.95, 6.55],
			"to": [9.25, 20.2, 7.05],
			"rotation": {"angle": 22.5, "axis": "x", "origin": [8, 18.86424, 7.60187]},
			"faces": {
				"north": {"uv": [12.57143, 14.85714, 13, 15], "texture": "#4"},
				"east": {"uv": [1.14286, 15.42857, 1.42857, 15.57143], "texture": "#4"},
				"south": {"uv": [14.85714, 12.57143, 15.28571, 12.71429], "texture": "#4"},
				"west": {"uv": [15.42857, 1.14286, 15.71429, 1.28571], "texture": "#4"},
				"up": {"uv": [3.28571, 15.14286, 2.85714, 14.85714], "texture": "#4"},
				"down": {"uv": [15.28571, 2.85714, 14.85714, 3.14286], "texture": "#4"}
			}
		},
		{
			"from": [6.75, 19.95, 6.55],
			"to": [7.5, 20.2, 7.05],
			"rotation": {"angle": 22.5, "axis": "x", "origin": [8, 18.86424, 7.60187]},
			"faces": {
				"north": {"uv": [13.14286, 14.85714, 13.57143, 15], "texture": "#4"},
				"east": {"uv": [1.71429, 15.42857, 2, 15.57143], "texture": "#4"},
				"south": {"uv": [14.85714, 13.14286, 15.28571, 13.28571], "texture": "#4"},
				"west": {"uv": [15.42857, 1.71429, 15.71429, 1.85714], "texture": "#4"},
				"up": {"uv": [3.85714, 15.14286, 3.42857, 14.85714], "texture": "#4"},
				"down": {"uv": [15.28571, 3.42857, 14.85714, 3.71429], "texture": "#4"}
			}
		},
		{
			"from": [6.75, 19.2, 7.2],
			"to": [9.25, 20.95, 9.2],
			"rotation": {"angle": 22.5, "axis": "x", "origin": [8, 18.86424, 7.60187]},
			"faces": {
				"north": {"uv": [8.57143, 5.14286, 10, 6.14286], "texture": "#4"},
				"east": {"uv": [4.57143, 9.71429, 5.71429, 10.71429], "texture": "#4"},
				"south": {"uv": [6.85714, 8.57143, 8.28571, 9.57143], "texture": "#4"},
				"west": {"uv": [5.71429, 9.71429, 6.85714, 10.71429], "texture": "#4"},
				"up": {"uv": [8.85714, 8.57143, 7.42857, 7.42857], "texture": "#4"},
				"down": {"uv": [2.57143, 8, 1.14286, 9.14286], "texture": "#4"}
			}
		},
		{
			"from": [7.5, 16.5285, 10.8595],
			"to": [8.5, 18.5285, 11.8595],
			"rotation": {"angle": -45, "axis": "x", "origin": [8, 13.9291, 9.83929]},
			"faces": {
				"north": {"uv": [4, 7.42857, 4.57143, 8.57143], "texture": "#4"},
				"east": {"uv": [10.85714, 6.28571, 11.42857, 7.42857], "texture": "#4"},
				"south": {"uv": [7.42857, 10.85714, 8, 12], "texture": "#4"},
				"west": {"uv": [8, 10.85714, 8.57143, 12], "texture": "#4"},
				"up": {"uv": [13.71429, 8.57143, 13.14286, 8], "texture": "#4"},
				"down": {"uv": [9.14286, 13.14286, 8.57143, 13.71429], "texture": "#4"}
			}
		},
		{
			"from": [7.55, 15.30374, 9.81097],
			"to": [8.45, 17.10374, 10.71097],
			"rotation": {"angle": -22.5, "axis": "x", "origin": [8, 13.9291, 9.83929]},
			"faces": {
				"north": {"uv": [11.42857, 9.71429, 12, 10.71429], "texture": "#4"},
				"east": {"uv": [10.85714, 11.42857, 11.42857, 12.42857], "texture": "#4"},
				"south": {"uv": [11.42857, 10.85714, 12, 11.85714], "texture": "#4"},
				"west": {"uv": [12, 0, 12.57143, 1], "texture": "#4"},
				"down": {"uv": [13.71429, 8.57143, 13.14286, 9.14286], "texture": "#4"}
			}
		},
		{
			"from": [7.5905, 13.89468, 9.29957],
			"to": [8.4095, 15.53268, 10.11857],
			"rotation": {"angle": 0, "axis": "y", "origin": [8, 13.9291, 9.83929]},
			"faces": {
				"north": {"uv": [10.28571, 12.57143, 10.71429, 13.57143], "texture": "#4"},
				"east": {"uv": [12.57143, 10.28571, 13, 11.28571], "texture": "#4"},
				"south": {"uv": [10.85714, 12.57143, 11.28571, 13.57143], "texture": "#4"},
				"west": {"uv": [11.42857, 12.57143, 11.85714, 13.57143], "texture": "#4"},
				"down": {"uv": [14.71429, 0, 14.28571, 0.42857], "texture": "#4"}
			}
		},
		{
			"from": [7.63555, 11.54635, 9.38157],
			"to": [8.36446, 14.00417, 10.11048],
			"rotation": {"angle": 22.5, "axis": "x", "origin": [8, 13.9291, 9.83929]},
			"faces": {
				"north": {"uv": [2.28571, 11.42857, 2.71429, 12.85714], "texture": "#4"},
				"east": {"uv": [11.42857, 3.42857, 11.85714, 4.85714], "texture": "#4"},
				"south": {"uv": [11.42857, 8, 11.85714, 9.42857], "texture": "#4"},
				"west": {"uv": [9.14286, 11.42857, 9.57143, 12.85714], "texture": "#4"},
				"down": {"uv": [1, 14.28571, 0.57143, 14.71429], "texture": "#4"}
			}
		},
		{
			"from": [7.67564, 10.60543, 8.50458],
			"to": [8.32436, 11.90289, 9.15331],
			"rotation": {"angle": 0, "axis": "y", "origin": [8, 13.9291, 9.83929]},
			"faces": {
				"north": {"uv": [13.71429, 1.14286, 14.14286, 1.85714], "texture": "#4"},
				"east": {"uv": [1.71429, 13.71429, 2.14286, 14.42857], "texture": "#4"},
				"south": {"uv": [2.28571, 13.71429, 2.71429, 14.42857], "texture": "#4"},
				"west": {"uv": [13.71429, 2.28571, 14.14286, 3], "texture": "#4"},
				"down": {"uv": [14.71429, 0.57143, 14.28571, 1], "texture": "#4"}
			}
		},
		{
			"from": [7.71132, 10.21446, 7.33426],
			"to": [8.28868, 11.3692, 7.91163],
			"rotation": {"angle": -22.5, "axis": "x", "origin": [8, 13.9291, 9.83929]},
			"faces": {
				"north": {"uv": [13.71429, 12, 14, 12.71429], "texture": "#4"},
				"east": {"uv": [13.14286, 13.71429, 13.42857, 14.42857], "texture": "#4"},
				"south": {"uv": [13.71429, 13.14286, 14, 13.85714], "texture": "#4"},
				"west": {"uv": [0, 14.28571, 0.28571, 15], "texture": "#4"},
				"down": {"uv": [5.42857, 14.85714, 5.14286, 15.14286], "texture": "#4"}
			}
		},
		{
			"from": [7.25, 14.5, 8],
			"to": [8.75, 16.5, 10],
			"rotation": {"angle": -45, "axis": "x", "origin": [7.5, 14.5, 8]},
			"faces": {
				"north": {"uv": [9.71429, 6.28571, 10.57143, 7.42857], "texture": "#4"},
				"east": {"uv": [9.14286, 3.42857, 10.28571, 4.57143], "texture": "#4"},
				"south": {"uv": [6.85714, 9.71429, 7.71429, 10.85714], "texture": "#4"},
				"west": {"uv": [9.14286, 7.42857, 10.28571, 8.57143], "texture": "#4"},
				"up": {"uv": [8.85714, 10.85714, 8, 9.71429], "texture": "#4"},
				"down": {"uv": [10.57143, 8.57143, 9.71429, 9.71429], "texture": "#4"}
			}
		},
		{
			"from": [7, 14.75, 8.25],
			"to": [9, 16.25, 9.75],
			"rotation": {"angle": -45, "axis": "x", "origin": [7.5, 14.5, 8]},
			"faces": {
				"north": {"uv": [9.14286, 9.71429, 10.28571, 10.57143], "texture": "#4"},
				"east": {"uv": [5.14286, 10.85714, 6, 11.71429], "texture": "#4"},
				"south": {"uv": [1.14286, 10.28571, 2.28571, 11.14286], "texture": "#4"},
				"west": {"uv": [6.28571, 10.85714, 7.14286, 11.71429], "texture": "#4"},
				"up": {"uv": [11.42857, 4.28571, 10.28571, 3.42857], "texture": "#4"},
				"down": {"uv": [11.42857, 4.57143, 10.28571, 5.42857], "texture": "#4"}
			}
		},
		{
			"from": [7.49175, 16.84744, 10.23271],
			"to": [8.50825, 17.86394, 11.24921],
			"rotation": {"angle": -22.5, "axis": "x", "origin": [8, 13.95681, 10.09918]},
			"faces": {
				"north": {"uv": [9.14286, 13.14286, 9.71429, 13.71429], "texture": "#4"},
				"east": {"uv": [13.14286, 9.14286, 13.71429, 9.71429], "texture": "#4"},
				"south": {"uv": [13.14286, 9.71429, 13.71429, 10.28571], "texture": "#4"},
				"west": {"uv": [13.14286, 10.28571, 13.71429, 10.85714], "texture": "#4"},
				"up": {"uv": [13.71429, 11.42857, 13.14286, 10.85714], "texture": "#4"},
				"down": {"uv": [13.71429, 11.42857, 13.14286, 12], "texture": "#4"}
			}
		},
		{
			"from": [7.61881, 17.1349, 9.69477],
			"to": [8.38119, 17.89727, 10.45715],
			"rotation": {"angle": 0, "axis": "y", "origin": [8, 13.95681, 10.09918]},
			"faces": {
				"east": {"uv": [1.14286, 14.28571, 1.57143, 14.71429], "texture": "#4"},
				"south": {"uv": [14.28571, 1.14286, 14.71429, 1.57143], "texture": "#4"},
				"west": {"uv": [14.28571, 1.71429, 14.71429, 2.14286], "texture": "#4"},
				"up": {"uv": [14.71429, 2.71429, 14.28571, 2.28571], "texture": "#4"},
				"down": {"uv": [3.28571, 14.28571, 2.85714, 14.71429], "texture": "#4"}
			}
		},
		{
			"from": [7.71792, 17.12187, 8.89399],
			"to": [8.28208, 17.68603, 9.45815],
			"rotation": {"angle": 22.5, "axis": "x", "origin": [8, 13.95681, 10.09918]},
			"faces": {
				"east": {"uv": [14.85714, 5.14286, 15.14286, 5.42857], "texture": "#4"},
				"south": {"uv": [5.71429, 14.85714, 6, 15.14286], "texture": "#4"},
				"west": {"uv": [14.85714, 5.71429, 15.14286, 6], "texture": "#4"},
				"up": {"uv": [6.57143, 15.14286, 6.28571, 14.85714], "texture": "#4"},
				"down": {"uv": [15.14286, 6.28571, 14.85714, 6.57143], "texture": "#4"}
			}
		},
		{
			"from": [7.54257, 14.96346, 9.71512],
			"to": [8.45743, 15.87831, 10.62997],
			"rotation": {"angle": 0, "axis": "y", "origin": [8, 14.08932, 9.9442]},
			"faces": {
				"north": {"uv": [12, 13.14286, 12.57143, 13.71429], "texture": "#4"},
				"east": {"uv": [13.14286, 12, 13.71429, 12.57143], "texture": "#4"},
				"south": {"uv": [12.57143, 13.14286, 13.14286, 13.71429], "texture": "#4"},
				"west": {"uv": [13.14286, 13.14286, 13.71429, 13.71429], "texture": "#4"},
				"up": {"uv": [0.57143, 14.28571, 0, 13.71429], "texture": "#4"},
				"down": {"uv": [14.28571, 0, 13.71429, 0.57143], "texture": "#4"}
			}
		},
		{
			"from": [7.65693, 15.22001, 9.91862],
			"to": [8.34307, 15.90615, 10.60476],
			"rotation": {"angle": 22.5, "axis": "x", "origin": [8, 14.08932, 9.9442]},
			"faces": {
				"east": {"uv": [14.28571, 2.85714, 14.71429, 3.28571], "texture": "#4"},
				"south": {"uv": [3.42857, 14.28571, 3.85714, 14.71429], "texture": "#4"},
				"west": {"uv": [4, 14.28571, 4.42857, 14.71429], "texture": "#4"},
				"up": {"uv": [14.71429, 4.42857, 14.28571, 4], "texture": "#4"},
				"down": {"uv": [5, 14.28571, 4.57143, 14.71429], "texture": "#4"}
			}
		},
		{
			"from": [7.74613, 13.69173, 11.32432],
			"to": [8.25387, 14.19948, 11.83206],
			"rotation": {"angle": -45, "axis": "x", "origin": [8, 14.08932, 9.9442]},
			"faces": {
				"north": {"uv": [6.85714, 14.85714, 7.14286, 15.14286], "texture": "#4"},
				"east": {"uv": [14.85714, 6.85714, 15.14286, 7.14286], "texture": "#4"},
				"south": {"uv": [7.42857, 14.85714, 7.71429, 15.14286], "texture": "#4"},
				"west": {"uv": [14.85714, 7.42857, 15.14286, 7.71429], "texture": "#4"},
				"down": {"uv": [8.28571, 14.85714, 8, 15.14286], "texture": "#4"}
			}
		},
		{
			"from": [7.58324, 13.16301, 9.79688],
			"to": [8.41677, 13.99654, 10.63041],
			"rotation": {"angle": 22.5, "axis": "x", "origin": [8, 14.14681, 9.86168]},
			"faces": {
				"north": {"uv": [14.28571, 4.57143, 14.71429, 5], "texture": "#4"},
				"east": {"uv": [5.14286, 14.28571, 5.57143, 14.71429], "texture": "#4"},
				"south": {"uv": [14.28571, 5.14286, 14.71429, 5.57143], "texture": "#4"},
				"west": {"uv": [5.71429, 14.28571, 6.14286, 14.71429], "texture": "#4"},
				"up": {"uv": [14.71429, 6.14286, 14.28571, 5.71429], "texture": "#4"},
				"down": {"uv": [6.71429, 14.28571, 6.28571, 14.71429], "texture": "#4"}
			}
		},
		{
			"from": [7.68743, 12.73073, 9.30222],
			"to": [8.31257, 13.35588, 9.92736],
			"rotation": {"angle": -45, "axis": "x", "origin": [8, 14.14681, 9.86168]},
			"faces": {
				"north": {"uv": [14.28571, 6.28571, 14.71429, 6.71429], "texture": "#4"},
				"east": {"uv": [6.85714, 14.28571, 7.28571, 14.71429], "texture": "#4"},
				"south": {"uv": [14.28571, 6.85714, 14.71429, 7.28571], "texture": "#4"},
				"west": {"uv": [7.42857, 14.28571, 7.85714, 14.71429], "texture": "#4"},
				"down": {"uv": [14.71429, 7.42857, 14.28571, 7.85714], "texture": "#4"}
			}
		},
		{
			"from": [7.7687, 12.42397, 9.96207],
			"to": [8.2313, 12.88658, 10.42468],
			"rotation": {"angle": -22.5, "axis": "x", "origin": [8, 14.14681, 9.86168]},
			"faces": {
				"north": {"uv": [14.85714, 8, 15.14286, 8.28571], "texture": "#4"},
				"east": {"uv": [8.57143, 14.85714, 8.85714, 15.14286], "texture": "#4"},
				"south": {"uv": [14.85714, 8.57143, 15.14286, 8.85714], "texture": "#4"},
				"west": {"uv": [9.14286, 14.85714, 9.42857, 15.14286], "texture": "#4"},
				"down": {"uv": [15.14286, 9.14286, 14.85714, 9.42857], "texture": "#4"}
			}
		},
		{
			"from": [7.62074, 11.0629, 8.75368],
			"to": [8.37926, 11.82141, 9.5122],
			"rotation": {"angle": 45, "axis": "x", "origin": [8, 11.327, 9.55939]},
			"faces": {
				"north": {"uv": [8, 14.28571, 8.42857, 14.71429], "texture": "#4"},
				"east": {"uv": [8.57143, 14.28571, 9, 14.71429], "texture": "#4"},
				"south": {"uv": [9.14286, 14.28571, 9.57143, 14.71429], "texture": "#4"},
				"west": {"uv": [9.71429, 14.28571, 10.14286, 14.71429], "texture": "#4"},
				"up": {"uv": [10.71429, 14.71429, 10.28571, 14.28571], "texture": "#4"},
				"down": {"uv": [11.28571, 14.28571, 10.85714, 14.71429], "texture": "#4"}
			}
		},
		{
			"from": [7.71556, 10.9698, 9.34762],
			"to": [8.28444, 11.53868, 9.91651],
			"rotation": {"angle": -22.5, "axis": "x", "origin": [8, 11.327, 9.55939]},
			"faces": {
				"north": {"uv": [9.71429, 14.85714, 10, 15.14286], "texture": "#4"},
				"east": {"uv": [14.85714, 9.71429, 15.14286, 10], "texture": "#4"},
				"south": {"uv": [10.28571, 14.85714, 10.57143, 15.14286], "texture": "#4"},
				"west": {"uv": [14.85714, 10.28571, 15.14286, 10.57143], "texture": "#4"},
				"down": {"uv": [11.14286, 14.85714, 10.85714, 15.14286], "texture": "#4"}
			}
		},
		{
			"from": [7.78951, 10.73354, 9.56901],
			"to": [8.21049, 11.15451, 9.98999],
			"rotation": {"angle": 0, "axis": "y", "origin": [8, 11.327, 9.55939]},
			"faces": {
				"north": {"uv": [14.85714, 10.85714, 15.14286, 11.14286], "texture": "#4"},
				"east": {"uv": [11.42857, 14.85714, 11.71429, 15.14286], "texture": "#4"},
				"south": {"uv": [14.85714, 11.42857, 15.14286, 11.71429], "texture": "#4"},
				"west": {"uv": [12, 14.85714, 12.28571, 15.14286], "texture": "#4"},
				"down": {"uv": [15.14286, 12, 14.85714, 12.28571], "texture": "#4"}
			}
		},
		{
			"from": [7.985, -2.5, 7],
			"to": [8.015, 0.5, 9],
			"rotation": {"angle": 0, "axis": "y", "origin": [7.985, 0, 7]},
			"faces": {
				"east": {"uv": [4.57143, 1.71429, 5.71429, 3.42857], "texture": "#4"},
				"west": {"uv": [3.42857, 4.57143, 4.57143, 6.28571], "texture": "#4"}
			}
		},
		{
			"from": [7.775, 14.75, 8.5],
			"to": [7.805, 17.75, 11.5],
			"rotation": {"angle": 0, "axis": "y", "origin": [8, 2.75, -0.25]},
			"faces": {
				"east": {"uv": [0, 4.57143, 1.71429, 6.28571], "texture": "#4"},
				"west": {"uv": [4.57143, 0, 6.28571, 1.71429], "texture": "#4"}
			}
		},
		{
			"from": [6.85, 16.1, 7.1],
			"to": [6.88, 17.6, 8.35],
			"rotation": {"angle": 0, "axis": "y", "origin": [0, 2.75, -0.25]},
			"faces": {
				"east": {"uv": [11.42857, 6.28571, 12.14286, 7.14286], "texture": "#4"},
				"west": {"uv": [9.71429, 11.42857, 10.42857, 12.28571], "texture": "#4"}
			}
		},
		{
			"from": [7.985, 14.1, 10.475],
			"to": [8.015, 15.1, 11.225],
			"rotation": {"angle": 0, "axis": "y", "origin": [7.985, 7.8, 1.675]},
			"faces": {
				"east": {"uv": [2.85714, 13.71429, 3.28571, 14.28571], "texture": "#4"},
				"west": {"uv": [3.42857, 13.71429, 3.85714, 14.28571], "texture": "#4"}
			}
		},
		{
			"from": [8.2, 11.5, 8.75],
			"to": [8.23, 13.5, 10.75],
			"rotation": {"angle": 0, "axis": "y", "origin": [8, 2.75, -0.25]},
			"faces": {
				"east": {"uv": [0, 9.71429, 1.14286, 10.85714], "texture": "#4"},
				"west": {"uv": [9.71429, 0, 10.85714, 1.14286], "texture": "#4"}
			}
		},
		{
			"from": [6.8, 17.875, 7.1],
			"to": [6.8, 19.875, 9.1],
			"rotation": {"angle": 0, "axis": "y", "origin": [8, 2.75, -0.25]},
			"faces": {
				"west": {"uv": [9.71429, 1.14286, 10.85714, 2.28571], "texture": "#4"}
			}
		},
		{
			"from": [7.5, 9.75, 7.5],
			"to": [8.5, 13.75, 8.5],
			"rotation": {"angle": 0, "axis": "y", "origin": [7.5, 9.75, 7.5]},
			"faces": {
				"north": {"uv": [2.28571, 9.14286, 2.85714, 11.42857], "texture": "#4"},
				"east": {"uv": [2.85714, 9.71429, 3.42857, 12], "texture": "#4"},
				"south": {"uv": [3.42857, 9.71429, 4, 12], "texture": "#4"},
				"west": {"uv": [4, 9.71429, 4.57143, 12], "texture": "#4"}
			}
		},
		{
			"from": [7.5, 1.75, 7.5],
			"to": [8.5, 4.25, 8.5],
			"rotation": {"angle": 0, "axis": "y", "origin": [7.5, 5.25, 7.5]},
			"faces": {
				"north": {"uv": [10.85714, 0, 11.42857, 1.42857], "texture": "#4"},
				"east": {"uv": [0.57143, 10.85714, 1.14286, 12.28571], "texture": "#4"},
				"south": {"uv": [10.85714, 1.71429, 11.42857, 3.14286], "texture": "#4"},
				"west": {"uv": [4.57143, 10.85714, 5.14286, 12.28571], "texture": "#4"}
			}
		},
		{
			"from": [8.485, 15.8, 3.5],
			"to": [8.515, 21.8, 7.5],
			"rotation": {"angle": -45, "axis": "z", "origin": [8.5, 18.8, 5.5]},
			"faces": {
				"east": {"uv": [8, 0, 0, 12], "texture": "#2"},
				"west": {"uv": [0, 0, 8, 12], "texture": "#2"}
			}
		},
		{
			"from": [7.485, 15.8, 3.5],
			"to": [7.515, 21.8, 7.5],
			"rotation": {"angle": 45, "axis": "z", "origin": [7.5, 18.8, 5.5]},
			"faces": {
				"east": {"uv": [8, 0, 0, 12], "texture": "#2"},
				"west": {"uv": [0, 0, 8, 12], "texture": "#2"}
			}
		},
		{
			"from": [8, 13.79289, 5.18934],
			"to": [11, 16.79289, 6.18934],
			"rotation": {"angle": 45, "axis": "z", "origin": [8, 13.79289, 4.18934]},
			"faces": {
				"east": {"uv": [10.28571, 9.71429, 10.85714, 11.42857], "texture": "#4"},
				"south": {"uv": [1.71429, 4.57143, 3.42857, 6.28571], "texture": "#4"},
				"west": {"uv": [0, 10.85714, 0.57143, 12.57143], "texture": "#4"},
				"up": {"uv": [12, 6.28571, 10.28571, 5.71429], "texture": "#4"},
				"down": {"uv": [12, 7.42857, 10.28571, 8], "texture": "#4"}
			}
		},
		{
			"from": [8.5, 14.29289, 6.18934],
			"to": [10.5, 16.29289, 7.18934],
			"rotation": {"angle": 45, "axis": "z", "origin": [8, 13.79289, 5.18934]},
			"faces": {
				"east": {"uv": [10.85714, 8, 11.42857, 9.14286], "texture": "#4"},
				"south": {"uv": [9.71429, 2.28571, 10.85714, 3.42857], "texture": "#4"},
				"west": {"uv": [8.57143, 10.85714, 9.14286, 12], "texture": "#4"},
				"up": {"uv": [6.85714, 5.71429, 5.71429, 5.14286], "texture": "#4"},
				"down": {"uv": [8, 3.42857, 6.85714, 4], "texture": "#4"}
			}
		},
		{
			"from": [7.5, 13.29289, 3.68934],
			"to": [11.5, 17.29289, 5.18934],
			"rotation": {"angle": 45, "axis": "z", "origin": [8, 13.79289, 3.68934]},
			"faces": {
				"north": {"uv": [0, 0, 2.28571, 2.28571], "texture": "#4"},
				"east": {"uv": [4.57143, 3.42857, 5.42857, 5.71429], "texture": "#4"},
				"south": {"uv": [0, 2.28571, 2.28571, 4.57143], "texture": "#4"},
				"west": {"uv": [5.71429, 1.71429, 6.57143, 4], "texture": "#4"},
				"up": {"uv": [8, 4.85714, 5.71429, 4], "texture": "#4"},
				"down": {"uv": [6.85714, 5.71429, 4.57143, 6.57143], "texture": "#4"}
			}
		},
		{
			"from": [6, 13.91421, 1.21434],
			"to": [10, 17.91421, 2.71434],
			"rotation": {"angle": -45, "axis": "z", "origin": [8, 15.91421, 2.21434]},
			"faces": {
				"north": {"uv": [2.28571, 0, 4.57143, 2.28571], "texture": "#4"},
				"east": {"uv": [0, 7.42857, 0.85714, 9.71429], "texture": "#4"},
				"south": {"uv": [2.28571, 2.28571, 4.57143, 4.57143], "texture": "#4"},
				"west": {"uv": [2.85714, 7.42857, 3.71429, 9.71429], "texture": "#4"},
				"up": {"uv": [9.71429, 0.85714, 7.42857, 0], "texture": "#4"},
				"down": {"uv": [9.71429, 6.28571, 7.42857, 7.14286], "texture": "#4"}
			}
		},
		{
			"from": [5.58579, 14.91421, 1.7],
			"to": [6.33579, 16.91421, 4.7],
			"rotation": {"angle": 22.5, "axis": "z", "origin": [8, 15.91421, 3.2]},
			"faces": {
				"north": {"uv": [4, 12, 4.42857, 13.14286], "texture": "#4"},
				"south": {"uv": [12, 7.42857, 12.42857, 8.57143], "texture": "#4"},
				"west": {"uv": [0, 6.28571, 1.71429, 7.42857], "texture": "#4"}
			}
		},
		{
			"from": [7, 13.5, 1.701],
			"to": [9, 14.25, 4.699],
			"rotation": {"angle": -22.5, "axis": "z", "origin": [8, 15.91421, 3.201]},
			"faces": {
				"north": {"uv": [12, 5.71429, 13.14286, 6.14286], "texture": "#4"},
				"south": {"uv": [12, 8.57143, 13.14286, 9], "texture": "#4"},
				"down": {"uv": [7.42857, 0, 6.28571, 1.71429], "texture": "#4"}
			}
		},
		{
			"from": [9.66421, 14.91421, 1.7],
			"to": [10.41421, 16.91421, 4.7],
			"rotation": {"angle": -22.5, "axis": "z", "origin": [8, 15.91421, 3.2]},
			"faces": {
				"north": {"uv": [12.57143, 7.42857, 13, 8.57143], "texture": "#4"},
				"east": {"uv": [5.71429, 6.85714, 7.42857, 8], "texture": "#4"},
				"south": {"uv": [9.71429, 12.57143, 10.14286, 13.71429], "texture": "#4"}
			}
		},
		{
			"from": [9.66421, 14.91421, 1.7],
			"to": [10.41421, 16.91421, 4.7],
			"rotation": {"angle": 22.5, "axis": "z", "origin": [8, 15.91421, 3.2]},
			"faces": {
				"north": {"uv": [4.57143, 12.57143, 5, 13.71429], "texture": "#4"},
				"east": {"uv": [6.85714, 5.14286, 8.57143, 6.28571], "texture": "#4"},
				"south": {"uv": [12.57143, 6.28571, 13, 7.42857], "texture": "#4"}
			}
		},
		{
			"from": [7, 13.5, 1.701],
			"to": [9, 14.25, 4.699],
			"rotation": {"angle": 22.5, "axis": "z", "origin": [8, 15.91421, 3.201]},
			"faces": {
				"north": {"uv": [12, 9.14286, 13.14286, 9.57143], "texture": "#4"},
				"south": {"uv": [12, 9.71429, 13.14286, 10.14286], "texture": "#4"},
				"down": {"uv": [2.85714, 6.28571, 1.71429, 8], "texture": "#4"}
			}
		},
		{
			"from": [7, 17.57843, 1.701],
			"to": [9, 18.32843, 4.699],
			"rotation": {"angle": -22.5, "axis": "z", "origin": [8, 15.91421, 3.201]},
			"faces": {
				"north": {"uv": [0, 12.57143, 1.14286, 13], "texture": "#4"},
				"south": {"uv": [12.57143, 0, 13.71429, 0.42857], "texture": "#4"},
				"up": {"uv": [5.71429, 8.57143, 4.57143, 6.85714], "texture": "#4"}
			}
		},
		{
			"from": [7, 17.57843, 1.701],
			"to": [9, 18.32843, 4.699],
			"rotation": {"angle": 22.5, "axis": "z", "origin": [8, 15.91421, 3.201]},
			"faces": {
				"north": {"uv": [11.42857, 12, 12.57143, 12.42857], "texture": "#4"},
				"south": {"uv": [12, 11.42857, 13.14286, 11.85714], "texture": "#4"},
				"up": {"uv": [8, 3.42857, 6.85714, 1.71429], "texture": "#4"}
			}
		},
		{
			"from": [5.58579, 14.91421, 1.7],
			"to": [6.33579, 16.91421, 4.7],
			"rotation": {"angle": -22.5, "axis": "z", "origin": [8, 15.91421, 3.2]},
			"faces": {
				"north": {"uv": [8.57143, 12, 9, 13.14286], "texture": "#4"},
				"south": {"uv": [12, 10.28571, 12.42857, 11.42857], "texture": "#4"},
				"west": {"uv": [2.85714, 6.28571, 4.57143, 7.42857], "texture": "#4"}
			}
		},
		{
			"from": [5.2045, 17.95603, 0.96434],
			"to": [6.2045, 18.95603, 2.96434],
			"rotation": {"angle": 45, "axis": "z", "origin": [7.2045, 18.83103, 1.83934]},
			"faces": {
				"north": {"uv": [0.57143, 13.71429, 1.14286, 14.28571], "texture": "#4"},
				"east": {"uv": [9.14286, 4.57143, 10.28571, 5.14286], "texture": "#4"},
				"south": {"uv": [1.14286, 13.71429, 1.71429, 14.28571], "texture": "#4"},
				"west": {"uv": [9.14286, 10.85714, 10.28571, 11.42857], "texture": "#4"},
				"up": {"uv": [11.42857, 10.28571, 10.85714, 9.14286], "texture": "#4"},
				"down": {"uv": [11.42857, 10.28571, 10.85714, 11.42857], "texture": "#4"}
			}
		},
		{
			"from": [5.6895, 17.95603, -0.28566],
			"to": [5.7195, 19.45603, 2.71434],
			"rotation": {"angle": 45, "axis": "z", "origin": [7.2045, 18.83103, 1.83934]},
			"faces": {
				"east": {"uv": [5.71429, 8.57143, 4, 9.42857], "texture": "#4"},
				"west": {"uv": [4, 8.57143, 5.71429, 9.42857], "texture": "#4"}
			}
		},
		{
			"from": [9.7955, 17.95603, 0.96434],
			"to": [10.7955, 18.95603, 2.96434],
			"rotation": {"angle": -45, "axis": "z", "origin": [8.7955, 18.83103, 1.83934]},
			"faces": {
				"north": {"uv": [1.14286, 13.71429, 0.57143, 14.28571], "texture": "#4"},
				"east": {"uv": [10.28571, 10.85714, 9.14286, 11.42857], "texture": "#4"},
				"south": {"uv": [1.71429, 13.71429, 1.14286, 14.28571], "texture": "#4"},
				"west": {"uv": [10.28571, 4.57143, 9.14286, 5.14286], "texture": "#4"},
				"up": {"uv": [10.85714, 10.28571, 11.42857, 9.14286], "texture": "#4"},
				"down": {"uv": [10.85714, 10.28571, 11.42857, 11.42857], "texture": "#4"}
			}
		},
		{
			"from": [10.2805, 17.95603, -0.28566],
			"to": [10.3105, 19.45603, 2.71434],
			"rotation": {"angle": -45, "axis": "z", "origin": [8.7955, 18.83103, 1.83934]},
			"faces": {
				"east": {"uv": [5.71429, 8.57143, 4, 9.42857], "texture": "#4"},
				"west": {"uv": [4, 8.57143, 5.71429, 9.42857], "texture": "#4"}
			}
		},
		{
			"from": [5.95207, 13.50628, -0.28566],
			"to": [5.98207, 15.00628, 2.71434],
			"rotation": {"angle": -45, "axis": "z", "origin": [5.96707, 13.88128, 2.08934]},
			"faces": {
				"east": {"uv": [5.71429, 9.42857, 4, 8.57143], "texture": "#4"},
				"west": {"uv": [4, 9.42857, 5.71429, 8.57143], "texture": "#4"}
			}
		},
		{
			"from": [5.46707, 14.00628, 0.96434],
			"to": [6.46707, 15.00628, 2.96434],
			"rotation": {"angle": -45, "axis": "z", "origin": [5.96707, 13.88128, 2.08934]},
			"faces": {
				"north": {"uv": [0.57143, 14.28571, 1.14286, 13.71429], "texture": "#4"},
				"east": {"uv": [9.14286, 5.14286, 10.28571, 4.57143], "texture": "#4"},
				"south": {"uv": [1.14286, 14.28571, 1.71429, 13.71429], "texture": "#4"},
				"west": {"uv": [9.14286, 11.42857, 10.28571, 10.85714], "texture": "#4"},
				"up": {"uv": [11.42857, 11.42857, 10.85714, 10.28571], "texture": "#4"},
				"down": {"uv": [11.42857, 9.14286, 10.85714, 10.28571], "texture": "#4"}
			}
		},
		{
			"from": [9.53293, 14.00628, 0.96434],
			"to": [10.53293, 15.00628, 2.96434],
			"rotation": {"angle": 45, "axis": "z", "origin": [10.03293, 13.88128, 2.08934]},
			"faces": {
				"north": {"uv": [1.14286, 14.28571, 0.57143, 13.71429], "texture": "#4"},
				"east": {"uv": [10.28571, 11.42857, 9.14286, 10.85714], "texture": "#4"},
				"south": {"uv": [1.71429, 14.28571, 1.14286, 13.71429], "texture": "#4"},
				"west": {"uv": [10.28571, 5.14286, 9.14286, 4.57143], "texture": "#4"},
				"up": {"uv": [10.85714, 11.42857, 11.42857, 10.28571], "texture": "#4"},
				"down": {"uv": [10.85714, 9.14286, 11.42857, 10.28571], "texture": "#4"}
			}
		},
		{
			"from": [10.01793, 13.50628, -0.28566],
			"to": [10.04793, 15.00628, 2.71434],
			"rotation": {"angle": 45, "axis": "z", "origin": [10.03293, 13.88128, 2.08934]},
			"faces": {
				"east": {"uv": [5.71429, 9.42857, 4, 8.57143], "texture": "#4"},
				"west": {"uv": [4, 9.42857, 5.71429, 8.57143], "texture": "#4"}
			}
		}
	],
	"gui_light": "front",
	"display": {
		"thirdperson_righthand": {
			"translation": [0, -1, 1]
		},
		"thirdperson_lefthand": {
			"translation": [0, -1, 1]
		},
		"firstperson_righthand": {
			"rotation": [-15, 0, 0],
			"translation": [0, 0, 0.75]
		},
		"firstperson_lefthand": {
			"rotation": [-15, 0, 0],
			"translation": [0, 0, 0.75]
		},
		"ground": {
			"rotation": [-45, 0, 0],
			"translation": [0, 4.5, 0]
		},
		"gui": {
			"rotation": [-90, 45, 90],
			"translation": [1.75, -1, 0],
			"scale": [0.8, 0.8, 0.8]
		},
		"head": {
			"rotation": [0, -90, 0]
		},
		"fixed": {
			"rotation": [0, -90, 0],
			"translation": [0, -2, -2.25],
			"scale": [2.5, 2.5, 2.5]
		}
	}
}