{
	"credit": "Made by PolygonMC",
	"texture_size": [20, 20],
	"textures": {
		"2": "fiendskullset/animations/animations_1",
		"4": "fiendskullset/knife",
		"particle": "fiendskullset/knife"
	},
	"elements": [
		{
			"from": [7.5, 0.75, 7.5],
			"to": [8.5, 1.25, 8.5],
			"rotation": {"angle": 0, "axis": "y", "origin": [7.5, 0, 7.5]},
			"faces": {
				"north": {"uv": [14.4, 2.4, 15.2, 2.8], "texture": "#4"},
				"east": {"uv": [3.2, 14.4, 4, 14.8], "texture": "#4"},
				"south": {"uv": [14.4, 3.2, 15.2, 3.6], "texture": "#4"},
				"west": {"uv": [4, 14.4, 4.8, 14.8], "texture": "#4"}
			}
		},
		{
			"from": [7.5, 6.75, 7.5],
			"to": [8.5, 7.75, 8.5],
			"rotation": {"angle": 0, "axis": "y", "origin": [7.5, 2, 7.5]},
			"faces": {
				"north": {"uv": [12.8, 12, 13.6, 12.8], "texture": "#4"},
				"east": {"uv": [12.8, 12.8, 13.6, 13.6], "texture": "#4"},
				"south": {"uv": [13.6, 0, 14.4, 0.8], "texture": "#4"},
				"west": {"uv": [0.8, 13.6, 1.6, 14.4], "texture": "#4"}
			}
		},
		{
			"from": [7.5, 9.175, 7.5],
			"to": [8.5, 10.175, 8.5],
			"rotation": {"angle": 0, "axis": "y", "origin": [7.5, 1.825, 7.5]},
			"faces": {
				"north": {"uv": [13.6, 8, 14.4, 8.8], "texture": "#4"},
				"east": {"uv": [8.8, 13.6, 9.6, 14.4], "texture": "#4"},
				"south": {"uv": [9.6, 13.6, 10.4, 14.4], "texture": "#4"},
				"west": {"uv": [10.4, 13.6, 11.2, 14.4], "texture": "#4"}
			}
		},
		{
			"from": [7.5, 5.25, 7.5],
			"to": [8.5, 6.25, 8.5],
			"rotation": {"angle": 0, "axis": "y", "origin": [7.5, 2, 7.5]},
			"faces": {
				"north": {"uv": [12, 9.6, 12.8, 10.4], "texture": "#4"},
				"east": {"uv": [12, 10.4, 12.8, 11.2], "texture": "#4"},
				"south": {"uv": [12, 11.2, 12.8, 12], "texture": "#4"},
				"west": {"uv": [12, 12, 12.8, 12.8], "texture": "#4"},
				"down": {"uv": [1.6, 12.8, 0.8, 13.6], "texture": "#4"}
			}
		},
		{
			"from": [7.5, 1.75, 7.5],
			"to": [8.5, 2.75, 8.5],
			"rotation": {"angle": 0, "axis": "y", "origin": [7.5, 2, 7.5]},
			"faces": {
				"north": {"uv": [13.6, 0.8, 14.4, 1.6], "texture": "#4"},
				"east": {"uv": [1.6, 13.6, 2.4, 14.4], "texture": "#4"},
				"south": {"uv": [2.4, 13.6, 3.2, 14.4], "texture": "#4"},
				"west": {"uv": [3.2, 13.6, 4, 14.4], "texture": "#4"},
				"up": {"uv": [4.8, 14.4, 4, 13.6], "texture": "#4"}
			}
		},
		{
			"from": [7.6, 2.75, 7.6],
			"to": [8.4, 5.25, 8.4],
			"rotation": {"angle": 0, "axis": "y", "origin": [7.5, 2, 7.5]},
			"faces": {
				"north": {"uv": [2.4, 11.2, 3, 13.2], "texture": "#4"},
				"east": {"uv": [11.2, 8, 11.8, 10], "texture": "#4"},
				"south": {"uv": [11.2, 10.4, 11.8, 12.4], "texture": "#4"},
				"west": {"uv": [0, 12, 0.6, 14], "texture": "#4"}
			}
		},
		{
			"from": [7.4, 1.25, 7.4],
			"to": [8.6, 1.75, 8.6],
			"rotation": {"angle": 0, "axis": "y", "origin": [7.5, 2, 7.5]},
			"faces": {
				"north": {"uv": [13.6, 12, 14.6, 12.4], "texture": "#4"},
				"east": {"uv": [12.8, 13.6, 13.8, 14], "texture": "#4"},
				"south": {"uv": [13.6, 12.8, 14.6, 13.2], "texture": "#4"},
				"west": {"uv": [0, 14.4, 1, 14.8], "texture": "#4"},
				"up": {"uv": [5.8, 13, 4.8, 12], "texture": "#4"},
				"down": {"uv": [13, 5.6, 12, 6.6], "texture": "#4"}
			}
		},
		{
			"from": [7.4, 6.25, 7.4],
			"to": [8.6, 6.75, 8.6],
			"rotation": {"angle": 0, "axis": "y", "origin": [7.5, 2, 7.5]},
			"faces": {
				"north": {"uv": [14.4, 0, 15.4, 0.4], "texture": "#4"},
				"east": {"uv": [14.4, 0.8, 15.4, 1.2], "texture": "#4"},
				"south": {"uv": [1.6, 14.4, 2.6, 14.8], "texture": "#4"},
				"west": {"uv": [14.4, 1.6, 15.4, 2], "texture": "#4"},
				"up": {"uv": [7.4, 13, 6.4, 12], "texture": "#4"},
				"down": {"uv": [13, 7.2, 12, 8.2], "texture": "#4"}
			}
		},
		{
			"from": [7.455, -0.045, 7.455],
			"to": [8.545, 1.045, 8.545],
			"rotation": {"angle": -45, "axis": "x", "origin": [8, 0.5, 8]},
			"faces": {
				"north": {"uv": [9.6, 6.4, 10.4, 7.2], "texture": "#4"},
				"east": {"uv": [10.4, 8, 11.2, 8.8], "texture": "#4"},
				"south": {"uv": [11.2, 5.6, 12, 6.4], "texture": "#4"},
				"west": {"uv": [0.8, 12, 1.6, 12.8], "texture": "#4"},
				"up": {"uv": [8.8, 12.8, 8, 12], "texture": "#4"},
				"down": {"uv": [9.6, 12, 8.8, 12.8], "texture": "#4"}
			}
		},
		{
			"from": [7, 10.125, 6.7],
			"to": [9, 12.125, 8.95],
			"rotation": {"angle": 22.5, "axis": "x", "origin": [8, 10.28924, 7.60187]},
			"faces": {
				"north": {"uv": [1.6, 8, 3.2, 9.6], "texture": "#4"},
				"east": {"uv": [7.2, 4, 9, 5.6], "texture": "#4"},
				"south": {"uv": [3.2, 8.8, 4.8, 10.4], "texture": "#4"},
				"west": {"uv": [5.6, 7.2, 7.4, 8.8], "texture": "#4"},
				"up": {"uv": [1.6, 9.8, 0, 8], "texture": "#4"},
				"down": {"uv": [9.6, 0, 8, 1.8], "texture": "#4"}
			}
		},
		{
			"from": [7, 9.67098, 7.01882],
			"to": [9, 10.17098, 7.04882],
			"rotation": {"angle": 22.5, "axis": "x", "origin": [8, 10.48522, 7.52069]},
			"faces": {
				"north": {"uv": [11.2, 12.8, 12.8, 13.2], "texture": "#4"},
				"south": {"uv": [12.8, 11.2, 14.4, 11.6], "texture": "#4"}
			}
		},
		{
			"from": [6.75, 8.77088, 6.9258],
			"to": [7, 9.27088, 8.9258],
			"rotation": {"angle": -22.5, "axis": "x", "origin": [8, 9.27088, 7.6758]},
			"faces": {
				"north": {"uv": [15.2, 8.8, 15.4, 9.2], "texture": "#4"},
				"east": {"uv": [12.8, 2.4, 14.4, 2.8], "texture": "#4"},
				"south": {"uv": [9.6, 15.2, 9.8, 15.6], "texture": "#4"},
				"west": {"uv": [12.8, 3.2, 14.4, 3.6], "texture": "#4"},
				"up": {"uv": [14.6, 5.6, 14.4, 4], "texture": "#4"},
				"down": {"uv": [5, 14.4, 4.8, 16], "texture": "#4"}
			}
		},
		{
			"from": [7, 8.77088, 6.6758],
			"to": [9, 9.27088, 7.1758],
			"rotation": {"angle": -22.5, "axis": "x", "origin": [8, 9.27088, 7.6758]},
			"faces": {
				"north": {"uv": [8, 12.8, 9.6, 13.2], "texture": "#4"},
				"east": {"uv": [15.2, 4, 15.6, 4.4], "texture": "#4"},
				"south": {"uv": [9.6, 12.8, 11.2, 13.2], "texture": "#4"},
				"west": {"uv": [15.2, 4.8, 15.6, 5.2], "texture": "#4"},
				"up": {"uv": [14.4, 10, 12.8, 9.6], "texture": "#4"},
				"down": {"uv": [14.4, 10.4, 12.8, 10.8], "texture": "#4"}
			}
		},
		{
			"from": [6.75, 9.27088, 7.9258],
			"to": [7, 9.77088, 8.9258],
			"rotation": {"angle": -22.5, "axis": "x", "origin": [8, 9.27088, 7.6758]},
			"faces": {
				"north": {"uv": [15.2, 9.6, 15.4, 10], "texture": "#4"},
				"east": {"uv": [5.6, 14.4, 6.4, 14.8], "texture": "#4"},
				"south": {"uv": [10.4, 15.2, 10.6, 15.6], "texture": "#4"},
				"west": {"uv": [14.4, 5.6, 15.2, 6], "texture": "#4"},
				"up": {"uv": [15.4, 4, 15.2, 3.2], "texture": "#4"}
			}
		},
		{
			"from": [9, 9.27088, 7.9258],
			"to": [9.25, 9.77088, 8.9258],
			"rotation": {"angle": -22.5, "axis": "x", "origin": [8, 9.27088, 7.6758]},
			"faces": {
				"north": {"uv": [15.2, 11.2, 15.4, 11.6], "texture": "#4"},
				"east": {"uv": [7.2, 14.4, 8, 14.8], "texture": "#4"},
				"south": {"uv": [12, 15.2, 12.2, 15.6], "texture": "#4"},
				"west": {"uv": [8, 14.4, 8.8, 14.8], "texture": "#4"},
				"up": {"uv": [4.2, 16, 4, 15.2], "texture": "#4"}
			}
		},
		{
			"from": [9.07, 9.27088, 7.0258],
			"to": [9.1, 9.77088, 7.9258],
			"rotation": {"angle": -22.5, "axis": "x", "origin": [8, 9.27088, 7.6758]},
			"faces": {
				"east": {"uv": [14.4, 8, 15.2, 8.4], "texture": "#4"},
				"west": {"uv": [8.8, 14.4, 9.6, 14.8], "texture": "#4"}
			}
		},
		{
			"from": [6.9, 9.27088, 7.0258],
			"to": [9.1, 9.77088, 7.0558],
			"rotation": {"angle": -22.5, "axis": "x", "origin": [8, 9.27088, 7.6758]},
			"faces": {
				"north": {"uv": [12, 1.6, 13.8, 2], "texture": "#4"},
				"south": {"uv": [12, 8.8, 13.8, 9.2], "texture": "#4"}
			}
		},
		{
			"from": [6.9, 9.27088, 7.0258],
			"to": [6.93, 9.77088, 7.9258],
			"rotation": {"angle": -22.5, "axis": "x", "origin": [8, 9.27088, 7.6758]},
			"faces": {
				"east": {"uv": [14.4, 8.8, 15.2, 9.2], "texture": "#4"},
				"west": {"uv": [9.6, 14.4, 10.4, 14.8], "texture": "#4"}
			}
		},
		{
			"from": [9, 8.77088, 6.9258],
			"to": [9.25, 9.27088, 8.9258],
			"rotation": {"angle": -22.5, "axis": "x", "origin": [8, 9.27088, 7.6758]},
			"faces": {
				"north": {"uv": [15.2, 10.4, 15.4, 10.8], "texture": "#4"},
				"east": {"uv": [12.8, 4, 14.4, 4.4], "texture": "#4"},
				"south": {"uv": [11.2, 15.2, 11.4, 15.6], "texture": "#4"},
				"west": {"uv": [12.8, 4.8, 14.4, 5.2], "texture": "#4"},
				"up": {"uv": [6.6, 16, 6.4, 14.4], "texture": "#4"},
				"down": {"uv": [14.6, 6.4, 14.4, 8], "texture": "#4"}
			}
		},
		{
			"from": [8.5, 11.375, 6.55],
			"to": [9.25, 11.625, 7.05],
			"rotation": {"angle": 22.5, "axis": "x", "origin": [8, 10.28924, 7.60187]},
			"faces": {
				"north": {"uv": [5.6, 15.2, 6.2, 15.4], "texture": "#4"},
				"east": {"uv": [15.2, 7.2, 15.6, 7.4], "texture": "#4"},
				"south": {"uv": [15.2, 5.6, 15.8, 5.8], "texture": "#4"},
				"west": {"uv": [8, 15.2, 8.4, 15.4], "texture": "#4"},
				"up": {"uv": [2.2, 15.6, 1.6, 15.2], "texture": "#4"},
				"down": {"uv": [3, 15.2, 2.4, 15.6], "texture": "#4"}
			}
		},
		{
			"from": [6.75, 11.375, 6.55],
			"to": [7.5, 11.625, 7.05],
			"rotation": {"angle": 22.5, "axis": "x", "origin": [8, 10.28924, 7.60187]},
			"faces": {
				"north": {"uv": [15.2, 6.4, 15.8, 6.6], "texture": "#4"},
				"east": {"uv": [15.2, 8, 15.6, 8.2], "texture": "#4"},
				"south": {"uv": [7.2, 15.2, 7.8, 15.4], "texture": "#4"},
				"west": {"uv": [8.8, 15.2, 9.2, 15.4], "texture": "#4"},
				"up": {"uv": [15.8, 2.8, 15.2, 2.4], "texture": "#4"},
				"down": {"uv": [3.8, 15.2, 3.2, 15.6], "texture": "#4"}
			}
		},
		{
			"from": [6.75, 10.625, 7.2],
			"to": [9.25, 12.375, 9.2],
			"rotation": {"angle": 22.5, "axis": "x", "origin": [8, 10.28924, 7.60187]},
			"faces": {
				"north": {"uv": [7.2, 5.6, 9.2, 7], "texture": "#4"},
				"east": {"uv": [9.6, 1.6, 11.2, 3], "texture": "#4"},
				"south": {"uv": [8, 7.2, 10, 8.6], "texture": "#4"},
				"west": {"uv": [9.6, 3.2, 11.2, 4.6], "texture": "#4"},
				"up": {"uv": [9.2, 4, 7.2, 2.4], "texture": "#4"},
				"down": {"uv": [5.2, 7.2, 3.2, 8.8], "texture": "#4"}
			}
		},
		{
			"from": [7.25, 6.85, 8],
			"to": [8.75, 8.85, 10],
			"rotation": {"angle": -45, "axis": "x", "origin": [7.5, 6.85, 8]},
			"faces": {
				"north": {"uv": [9.6, 4.8, 10.8, 6.4], "texture": "#4"},
				"east": {"uv": [4.8, 8.8, 6.4, 10.4], "texture": "#4"},
				"south": {"uv": [9.6, 8.8, 10.8, 10.4], "texture": "#4"},
				"west": {"uv": [6.4, 8.8, 8, 10.4], "texture": "#4"},
				"up": {"uv": [1.2, 12, 0, 10.4], "texture": "#4"},
				"down": {"uv": [4.4, 10.4, 3.2, 12], "texture": "#4"}
			}
		},
		{
			"from": [7, 7.1, 8.25],
			"to": [9, 8.6, 9.75],
			"rotation": {"angle": -45, "axis": "x", "origin": [7.5, 6.85, 8]},
			"faces": {
				"north": {"uv": [4.8, 10.4, 6.4, 11.6], "texture": "#4"},
				"east": {"uv": [11.2, 2.4, 12.4, 3.6], "texture": "#4"},
				"south": {"uv": [6.4, 10.4, 8, 11.6], "texture": "#4"},
				"west": {"uv": [11.2, 4, 12.4, 5.2], "texture": "#4"},
				"up": {"uv": [12, 7.6, 10.4, 6.4], "texture": "#4"},
				"down": {"uv": [9.6, 10.4, 8, 11.6], "texture": "#4"}
			}
		},
		{
			"from": [7.985, -2.5, 7],
			"to": [8.015, 0.5, 9],
			"rotation": {"angle": 0, "axis": "y", "origin": [7.985, 0, 7]},
			"faces": {
				"east": {"uv": [5.6, 2.4, 7.2, 4.8], "texture": "#4"},
				"west": {"uv": [5.6, 4.8, 7.2, 7.2], "texture": "#4"}
			}
		},
		{
			"from": [6.85, 7.525, 7.1],
			"to": [6.88, 9.025, 8.35],
			"rotation": {"angle": 0, "axis": "y", "origin": [0, -5.825, -0.25]},
			"faces": {
				"east": {"uv": [12, 0, 13, 1.2], "texture": "#4"},
				"west": {"uv": [3.2, 12, 4.2, 13.2], "texture": "#4"}
			}
		},
		{
			"from": [7.985, 11.81162, 6.27489],
			"to": [8.015, 12.81162, 7.02489],
			"rotation": {"angle": 0, "axis": "x", "origin": [8, 12.31162, 6.64989]},
			"faces": {
				"east": {"uv": [11.2, 13.6, 11.8, 14.4], "texture": "#4"},
				"west": {"uv": [12, 13.6, 12.6, 14.4], "texture": "#4"}
			}
		},
		{
			"from": [8.2, 11.2682, 8.19994],
			"to": [8.23, 13.2682, 10.19994],
			"rotation": {"angle": 0, "axis": "x", "origin": [8.0025, 13.95186, 8.863]},
			"faces": {
				"east": {"uv": [9.6, 0, 11.2, 1.6], "texture": "#4"},
				"west": {"uv": [1.6, 9.6, 3.2, 11.2], "texture": "#4"}
			}
		},
		{
			"from": [6.8, 9.3, 7.1],
			"to": [6.8, 11.3, 9.1],
			"rotation": {"angle": 0, "axis": "y", "origin": [8, -5.825, -0.25]},
			"faces": {
				"north": {"uv": [0, 0, 0, 1.6], "texture": "#4"},
				"south": {"uv": [0, 0, 0, 1.6], "texture": "#4"},
				"west": {"uv": [8, 8.8, 9.6, 10.4], "texture": "#4"},
				"up": {"uv": [0, 1.6, 0, 0], "texture": "#4"},
				"down": {"uv": [0, 0, 0, 1.6], "texture": "#4"}
			}
		},
		{
			"from": [7.5, 11.58921, 6.75],
			"to": [8.5, 14.08921, 9.25],
			"rotation": {"angle": -45, "axis": "x", "origin": [8, 12.83921, 8]},
			"faces": {
				"north": {"uv": [9.6, 10.4, 10.4, 12.4], "texture": "#4"},
				"east": {"uv": [3.2, 4.8, 5.2, 6.8], "texture": "#4"},
				"south": {"uv": [10.4, 10.4, 11.2, 12.4], "texture": "#4"},
				"west": {"uv": [5.6, 0, 7.6, 2], "texture": "#4"},
				"up": {"uv": [12, 2, 11.2, 0], "texture": "#4"},
				"down": {"uv": [2.4, 11.2, 1.6, 13.2], "texture": "#4"}
			}
		},
		{
			"from": [7.781, 15.72488, 6.335],
			"to": [8.219, 16.47488, 7.09],
			"rotation": {"angle": 45, "axis": "x", "origin": [8, 15.25042, 7.33175]},
			"faces": {
				"north": {"uv": [0.4, 15.2, 0, 16], "texture": "#4"},
				"east": {"uv": [14.4, 7.2, 13.6, 8], "texture": "#4"},
				"south": {"uv": [14.8, 14.4, 14.4, 15.2], "texture": "#4"},
				"west": {"uv": [8.8, 13.6, 8, 14.4], "texture": "#4"},
				"up": {"uv": [1.2, 15.2, 0.8, 16], "texture": "#4"}
			}
		},
		{
			"from": [7.7785, 15.1702, 6.59244],
			"to": [8.2215, 16.0702, 7.40544],
			"rotation": {"angle": 22.5, "axis": "x", "origin": [8, 15.25042, 7.33175]},
			"faces": {
				"north": {"uv": [14, 14.4, 13.6, 15.2], "texture": "#4"},
				"east": {"uv": [14.4, 6.4, 13.6, 7.2], "texture": "#4"},
				"south": {"uv": [13.2, 14.4, 12.8, 15.2], "texture": "#4"},
				"west": {"uv": [8, 13.6, 7.2, 14.4], "texture": "#4"},
				"up": {"uv": [14.8, 13.6, 14.4, 14.4], "texture": "#4"}
			}
		},
		{
			"from": [7.777, 14.45923, 6.61802],
			"to": [8.223, 15.45923, 7.49602],
			"rotation": {"angle": 0, "axis": "x", "origin": [8, 15.25042, 7.33175]},
			"faces": {
				"north": {"uv": [14.8, 11.2, 14.4, 12], "texture": "#4"},
				"east": {"uv": [14.4, 5.6, 13.6, 6.4], "texture": "#4"},
				"south": {"uv": [11.6, 14.4, 11.2, 15.2], "texture": "#4"},
				"west": {"uv": [7.2, 13.6, 6.4, 14.4], "texture": "#4"},
				"up": {"uv": [12.4, 14.4, 12, 15.2], "texture": "#4"}
			}
		},
		{
			"from": [7.775, 13.79258, 6.36957],
			"to": [8.225, 14.79258, 7.31957],
			"rotation": {"angle": -22.5, "axis": "x", "origin": [8, 15.25042, 7.33175]},
			"faces": {
				"north": {"uv": [10.8, 14.4, 10.4, 15.2], "texture": "#4"},
				"east": {"uv": [5.6, 13.6, 4.8, 14.4], "texture": "#4"},
				"south": {"uv": [14.8, 9.6, 14.4, 10.4], "texture": "#4"},
				"west": {"uv": [6.4, 13.6, 5.6, 14.4], "texture": "#4"},
				"up": {"uv": [14.8, 10.4, 14.4, 11.2], "texture": "#4"}
			}
		},
		{
			"from": [7.985, 13, 6],
			"to": [8.015, 23, 10],
			"rotation": {"angle": 0, "axis": "y", "origin": [7.985, 13, 6]},
			"faces": {
				"east": {"uv": [3.2, 0, 0, 8], "texture": "#4"},
				"west": {"uv": [0, 0, 3.2, 8], "texture": "#4"}
			}
		},
		{
			"from": [7.61, 7.15, 3.5],
			"to": [7.64, 13.15, 7.5],
			"rotation": {"angle": 45, "axis": "z", "origin": [7.625, 10.15, 5.5]},
			"faces": {
				"east": {"uv": [8, 0, 0, 12], "texture": "#2"},
				"west": {"uv": [0, 0, 8, 12], "texture": "#2"}
			}
		},
		{
			"from": [8.36, 7.15, 3.5],
			"to": [8.39, 13.15, 7.5],
			"rotation": {"angle": -45, "axis": "z", "origin": [8.375, 10.15, 5.5]},
			"faces": {
				"east": {"uv": [8, 0, 0, 12], "texture": "#2"},
				"west": {"uv": [0, 0, 8, 12], "texture": "#2"}
			}
		}
	],
	"gui_light": "front",
	"display": {
		"thirdperson_righthand": {
			"translation": [0, 1.75, 1]
		},
		"thirdperson_lefthand": {
			"translation": [0, 1.75, 1]
		},
		"firstperson_righthand": {
			"rotation": [-15, 0, 0],
			"translation": [0, 2.25, 0.75]
		},
		"firstperson_lefthand": {
			"rotation": [-15, 0, 0],
			"translation": [0, 2.25, 0.75]
		},
		"ground": {
			"rotation": [-45, 0, 0],
			"translation": [0, 4.5, 0]
		},
		"gui": {
			"rotation": [-90, 45, 90],
			"translation": [1, -1.5, 0],
			"scale": [0.8, 0.8, 0.8]
		},
		"head": {
			"rotation": [0, -90, 0]
		},
		"fixed": {
			"rotation": [0, -90, 0],
			"translation": [0, 0.25, -2.25],
			"scale": [2.5, 2.5, 2.5]
		}
	}
}