{
	"credit": "Made by PolygonMC",
	"texture_size": [24, 24],
	"textures": {
		"2": "fiendskullset/animations/animations_1",
		"4": "fiendskullset/spear",
		"particle": "fiendskullset/spear"
	},
	"elements": [
		{
			"from": [7.5, 0.75, 7.5],
			"to": [8.5, 1.25, 8.5],
			"rotation": {"angle": 0, "axis": "y", "origin": [7.5, 0, 7.5]},
			"faces": {
				"north": {"uv": [14, 14, 14.66667, 14.33333], "texture": "#4"},
				"east": {"uv": [0, 14.66667, 0.66667, 15], "texture": "#4"},
				"south": {"uv": [14.66667, 0, 15.33333, 0.33333], "texture": "#4"},
				"west": {"uv": [0.66667, 14.66667, 1.33333, 15], "texture": "#4"}
			}
		},
		{
			"from": [7.5, 17.25, 7.5],
			"to": [8.5, 18.25, 8.5],
			"rotation": {"angle": 0, "axis": "y", "origin": [7.5, 12.5, 7.5]},
			"faces": {
				"north": {"uv": [10, 12, 10.66667, 12.66667], "texture": "#4"},
				"east": {"uv": [2.66667, 12.66667, 3.33333, 13.33333], "texture": "#4"},
				"south": {"uv": [12.66667, 2.66667, 13.33333, 3.33333], "texture": "#4"},
				"west": {"uv": [3.33333, 12.66667, 4, 13.33333], "texture": "#4"}
			}
		},
		{
			"from": [7.5, 11.25, 7.5],
			"to": [8.5, 12.25, 8.5],
			"rotation": {"angle": 0, "axis": "y", "origin": [7.5, 8, 7.5]},
			"faces": {
				"north": {"uv": [4, 12, 4.66667, 12.66667], "texture": "#4"},
				"east": {"uv": [12, 4, 12.66667, 4.66667], "texture": "#4"},
				"south": {"uv": [4.66667, 12, 5.33333, 12.66667], "texture": "#4"},
				"west": {"uv": [6, 12, 6.66667, 12.66667], "texture": "#4"},
				"down": {"uv": [7.33333, 12, 6.66667, 12.66667], "texture": "#4"}
			}
		},
		{
			"from": [7.5, 7.75, 7.5],
			"to": [8.5, 8.75, 8.5],
			"rotation": {"angle": 0, "axis": "y", "origin": [7.5, 8, 7.5]},
			"faces": {
				"north": {"uv": [8.66667, 12.66667, 9.33333, 13.33333], "texture": "#4"},
				"east": {"uv": [12.66667, 8.66667, 13.33333, 9.33333], "texture": "#4"},
				"south": {"uv": [9.33333, 12.66667, 10, 13.33333], "texture": "#4"},
				"west": {"uv": [12.66667, 9.33333, 13.33333, 10], "texture": "#4"},
				"up": {"uv": [10.66667, 13.33333, 10, 12.66667], "texture": "#4"}
			}
		},
		{
			"from": [7.6, 8.75, 7.6],
			"to": [8.4, 11.25, 8.4],
			"rotation": {"angle": 0, "axis": "y", "origin": [7.5, 8, 7.5]},
			"faces": {
				"north": {"uv": [0, 10.66667, 0.5, 12.33333], "texture": "#4"},
				"east": {"uv": [10.66667, 0, 11.16667, 1.66667], "texture": "#4"},
				"south": {"uv": [0.66667, 10.66667, 1.16667, 12.33333], "texture": "#4"},
				"west": {"uv": [1.33333, 10.66667, 1.83333, 12.33333], "texture": "#4"}
			}
		},
		{
			"from": [7.4, 7.25, 7.4],
			"to": [8.6, 7.75, 8.6],
			"rotation": {"angle": 0, "axis": "y", "origin": [7.5, 8, 7.5]},
			"faces": {
				"north": {"uv": [13.33333, 2.66667, 14.16667, 3], "texture": "#4"},
				"east": {"uv": [3.33333, 13.33333, 4.16667, 13.66667], "texture": "#4"},
				"south": {"uv": [13.33333, 3.33333, 14.16667, 3.66667], "texture": "#4"},
				"west": {"uv": [13.33333, 4, 14.16667, 4.33333], "texture": "#4"},
				"up": {"uv": [10.16667, 11.5, 9.33333, 10.66667], "texture": "#4"},
				"down": {"uv": [11.5, 10, 10.66667, 10.83333], "texture": "#4"}
			}
		},
		{
			"from": [7.4, 1.25, 7.4],
			"to": [8.6, 1.75, 8.6],
			"rotation": {"angle": 0, "axis": "y", "origin": [7.5, 2, 7.5]},
			"faces": {
				"north": {"uv": [13.33333, 10, 14.16667, 10.33333], "texture": "#4"},
				"east": {"uv": [13.33333, 10.66667, 14.16667, 11], "texture": "#4"},
				"south": {"uv": [11.33333, 13.33333, 12.16667, 13.66667], "texture": "#4"},
				"west": {"uv": [13.33333, 11.33333, 14.16667, 11.66667], "texture": "#4"},
				"up": {"uv": [12.16667, 8.16667, 11.33333, 7.33333], "texture": "#4"},
				"down": {"uv": [12.16667, 8.66667, 11.33333, 9.5], "texture": "#4"}
			}
		},
		{
			"from": [7.4, 12.25, 7.4],
			"to": [8.6, 12.75, 8.6],
			"rotation": {"angle": 0, "axis": "y", "origin": [7.5, 8, 7.5]},
			"faces": {
				"north": {"uv": [4.66667, 13.33333, 5.5, 13.66667], "texture": "#4"},
				"east": {"uv": [13.33333, 4.66667, 14.16667, 5], "texture": "#4"},
				"south": {"uv": [13.33333, 5.33333, 14.16667, 5.66667], "texture": "#4"},
				"west": {"uv": [6, 13.33333, 6.83333, 13.66667], "texture": "#4"},
				"up": {"uv": [12.16667, 0.83333, 11.33333, 0], "texture": "#4"},
				"down": {"uv": [2.83333, 11.33333, 2, 12.16667], "texture": "#4"}
			}
		},
		{
			"from": [7.4, 16.75, 7.4],
			"to": [8.6, 17.25, 8.6],
			"rotation": {"angle": 0, "axis": "y", "origin": [7.5, 12.5, 7.5]},
			"faces": {
				"north": {"uv": [8.66667, 13.33333, 9.5, 13.66667], "texture": "#4"},
				"east": {"uv": [13.33333, 8.66667, 14.16667, 9], "texture": "#4"},
				"south": {"uv": [13.33333, 9.33333, 14.16667, 9.66667], "texture": "#4"},
				"west": {"uv": [10, 13.33333, 10.83333, 13.66667], "texture": "#4"},
				"up": {"uv": [12.16667, 5.5, 11.33333, 4.66667], "texture": "#4"},
				"down": {"uv": [12.16667, 6, 11.33333, 6.83333], "texture": "#4"}
			}
		},
		{
			"from": [7.455, -0.045, 7.455],
			"to": [8.545, 1.045, 8.545],
			"rotation": {"angle": -45, "axis": "x", "origin": [8, 0.5, 8]},
			"faces": {
				"north": {"uv": [2, 5.33333, 2.66667, 6], "texture": "#4"},
				"east": {"uv": [2.66667, 5.33333, 3.33333, 6], "texture": "#4"},
				"south": {"uv": [7.33333, 6.66667, 8, 7.33333], "texture": "#4"},
				"west": {"uv": [10, 8.66667, 10.66667, 9.33333], "texture": "#4"},
				"up": {"uv": [12.66667, 3.33333, 12, 2.66667], "texture": "#4"},
				"down": {"uv": [12.66667, 3.33333, 12, 4], "texture": "#4"}
			}
		},
		{
			"from": [7, 21.7, 6.7],
			"to": [9, 23.7, 8.95],
			"rotation": {"angle": 22.5, "axis": "x", "origin": [8, 21.86424, 7.60187]},
			"faces": {
				"north": {"uv": [7.33333, 4, 8.66667, 5.33333], "texture": "#4"},
				"east": {"uv": [2, 6, 3.5, 7.33333], "texture": "#4"},
				"south": {"uv": [5.33333, 7.33333, 6.66667, 8.66667], "texture": "#4"},
				"west": {"uv": [6, 2.66667, 7.5, 4], "texture": "#4"},
				"up": {"uv": [5.33333, 7.5, 4, 6], "texture": "#4"},
				"down": {"uv": [7.33333, 4, 6, 5.5], "texture": "#4"}
			}
		},
		{
			"from": [7, 21.24598, 7.01882],
			"to": [9, 21.74598, 7.04882],
			"rotation": {"angle": 22.5, "axis": "x", "origin": [8, 22.06022, 7.52069]},
			"faces": {
				"north": {"uv": [12.66667, 0.66667, 14, 1], "texture": "#4"},
				"south": {"uv": [1.33333, 12.66667, 2.66667, 13], "texture": "#4"}
			}
		},
		{
			"from": [6.75, 20.34588, 6.9258],
			"to": [7, 20.84588, 8.9258],
			"rotation": {"angle": -22.5, "axis": "x", "origin": [8, 20.84588, 7.6758]},
			"faces": {
				"north": {"uv": [5.33333, 15.33333, 5.5, 15.66667], "texture": "#4"},
				"east": {"uv": [7.33333, 12, 8.66667, 12.33333], "texture": "#4"},
				"south": {"uv": [15.33333, 5.33333, 15.5, 5.66667], "texture": "#4"},
				"west": {"uv": [8.66667, 12, 10, 12.33333], "texture": "#4"},
				"up": {"uv": [14.83333, 2, 14.66667, 0.66667], "texture": "#4"},
				"down": {"uv": [1.5, 14.66667, 1.33333, 16], "texture": "#4"}
			}
		},
		{
			"from": [7, 20.34588, 6.6758],
			"to": [9, 20.84588, 7.1758],
			"rotation": {"angle": -22.5, "axis": "x", "origin": [8, 20.84588, 7.6758]},
			"faces": {
				"north": {"uv": [12, 11.33333, 13.33333, 11.66667], "texture": "#4"},
				"east": {"uv": [14.66667, 7.33333, 15, 7.66667], "texture": "#4"},
				"south": {"uv": [12, 12, 13.33333, 12.33333], "texture": "#4"},
				"west": {"uv": [8, 14.66667, 8.33333, 15], "texture": "#4"},
				"up": {"uv": [1.33333, 13, 0, 12.66667], "texture": "#4"},
				"down": {"uv": [14, 0, 12.66667, 0.33333], "texture": "#4"}
			}
		},
		{
			"from": [6.75, 20.84588, 7.9258],
			"to": [7, 21.34588, 8.9258],
			"rotation": {"angle": -22.5, "axis": "x", "origin": [8, 20.84588, 7.6758]},
			"faces": {
				"north": {"uv": [6, 15.33333, 6.16667, 15.66667], "texture": "#4"},
				"east": {"uv": [2, 14.66667, 2.66667, 15], "texture": "#4"},
				"south": {"uv": [15.33333, 6, 15.5, 6.33333], "texture": "#4"},
				"west": {"uv": [14.66667, 2, 15.33333, 2.33333], "texture": "#4"},
				"up": {"uv": [14.83333, 7.33333, 14.66667, 6.66667], "texture": "#4"}
			}
		},
		{
			"from": [9, 20.84588, 7.9258],
			"to": [9.25, 21.34588, 8.9258],
			"rotation": {"angle": -22.5, "axis": "x", "origin": [8, 20.84588, 7.6758]},
			"faces": {
				"north": {"uv": [7.33333, 15.33333, 7.5, 15.66667], "texture": "#4"},
				"east": {"uv": [3.33333, 14.66667, 4, 15], "texture": "#4"},
				"south": {"uv": [15.33333, 7.33333, 15.5, 7.66667], "texture": "#4"},
				"west": {"uv": [4, 14.66667, 4.66667, 15], "texture": "#4"},
				"up": {"uv": [7.5, 15.33333, 7.33333, 14.66667], "texture": "#4"}
			}
		},
		{
			"from": [9.07, 20.84588, 7.0258],
			"to": [9.1, 21.34588, 7.9258],
			"rotation": {"angle": -22.5, "axis": "x", "origin": [8, 20.84588, 7.6758]},
			"faces": {
				"east": {"uv": [14.66667, 4, 15.33333, 4.33333], "texture": "#4"},
				"west": {"uv": [4.66667, 14.66667, 5.33333, 15], "texture": "#4"}
			}
		},
		{
			"from": [6.9, 20.84588, 7.0258],
			"to": [9.1, 21.34588, 7.0558],
			"rotation": {"angle": -22.5, "axis": "x", "origin": [8, 20.84588, 7.6758]},
			"faces": {
				"north": {"uv": [11.33333, 1.33333, 12.83333, 1.66667], "texture": "#4"},
				"south": {"uv": [12, 2, 13.5, 2.33333], "texture": "#4"}
			}
		},
		{
			"from": [6.9, 20.84588, 7.0258],
			"to": [6.93, 21.34588, 7.9258],
			"rotation": {"angle": -22.5, "axis": "x", "origin": [8, 20.84588, 7.6758]},
			"faces": {
				"east": {"uv": [14.66667, 4.66667, 15.33333, 5], "texture": "#4"},
				"west": {"uv": [5.33333, 14.66667, 6, 15], "texture": "#4"}
			}
		},
		{
			"from": [9, 20.34588, 6.9258],
			"to": [9.25, 20.84588, 8.9258],
			"rotation": {"angle": -22.5, "axis": "x", "origin": [8, 20.84588, 7.6758]},
			"faces": {
				"north": {"uv": [6.66667, 15.33333, 6.83333, 15.66667], "texture": "#4"},
				"east": {"uv": [12, 10, 13.33333, 10.33333], "texture": "#4"},
				"south": {"uv": [15.33333, 6.66667, 15.5, 7], "texture": "#4"},
				"west": {"uv": [12, 10.66667, 13.33333, 11], "texture": "#4"},
				"up": {"uv": [2.83333, 16, 2.66667, 14.66667], "texture": "#4"},
				"down": {"uv": [14.83333, 2.66667, 14.66667, 4], "texture": "#4"}
			}
		},
		{
			"from": [8.5, 22.95, 6.55],
			"to": [9.25, 23.2, 7.05],
			"rotation": {"angle": 22.5, "axis": "x", "origin": [8, 21.86424, 7.60187]},
			"faces": {
				"north": {"uv": [15.33333, 2, 15.83333, 2.16667], "texture": "#4"},
				"east": {"uv": [4, 15.33333, 4.33333, 15.5], "texture": "#4"},
				"south": {"uv": [15.33333, 2.66667, 15.83333, 2.83333], "texture": "#4"},
				"west": {"uv": [15.33333, 4, 15.66667, 4.16667], "texture": "#4"},
				"up": {"uv": [15.16667, 5.66667, 14.66667, 5.33333], "texture": "#4"},
				"down": {"uv": [6.5, 14.66667, 6, 15], "texture": "#4"}
			}
		},
		{
			"from": [6.75, 22.95, 6.55],
			"to": [7.5, 23.2, 7.05],
			"rotation": {"angle": 22.5, "axis": "x", "origin": [8, 21.86424, 7.60187]},
			"faces": {
				"north": {"uv": [3.33333, 15.33333, 3.83333, 15.5], "texture": "#4"},
				"east": {"uv": [4.66667, 15.33333, 5, 15.5], "texture": "#4"},
				"south": {"uv": [15.33333, 3.33333, 15.83333, 3.5], "texture": "#4"},
				"west": {"uv": [15.33333, 4.66667, 15.66667, 4.83333], "texture": "#4"},
				"up": {"uv": [15.16667, 6.33333, 14.66667, 6], "texture": "#4"},
				"down": {"uv": [7.16667, 14.66667, 6.66667, 15], "texture": "#4"}
			}
		},
		{
			"from": [6.75, 22.2, 7.2],
			"to": [9.25, 23.95, 9.2],
			"rotation": {"angle": 22.5, "axis": "x", "origin": [8, 21.86424, 7.60187]},
			"faces": {
				"north": {"uv": [5.33333, 6, 7, 7.16667], "texture": "#4"},
				"east": {"uv": [2.66667, 8.66667, 4, 9.83333], "texture": "#4"},
				"south": {"uv": [2, 7.33333, 3.66667, 8.5], "texture": "#4"},
				"west": {"uv": [8.66667, 4, 10, 5.16667], "texture": "#4"},
				"up": {"uv": [7.66667, 1.33333, 6, 0], "texture": "#4"},
				"down": {"uv": [7.66667, 1.33333, 6, 2.66667], "texture": "#4"}
			}
		},
		{
			"from": [7.5, 19.5285, 10.8595],
			"to": [8.5, 21.5285, 11.8595],
			"rotation": {"angle": -45, "axis": "x", "origin": [8, 16.9291, 9.83929]},
			"faces": {
				"north": {"uv": [1.33333, 9.33333, 2, 10.66667], "texture": "#4"},
				"east": {"uv": [10, 4, 10.66667, 5.33333], "texture": "#4"},
				"south": {"uv": [5.33333, 10, 6, 11.33333], "texture": "#4"},
				"west": {"uv": [10, 5.33333, 10.66667, 6.66667], "texture": "#4"},
				"up": {"uv": [13.33333, 4, 12.66667, 3.33333], "texture": "#4"},
				"down": {"uv": [4.66667, 12.66667, 4, 13.33333], "texture": "#4"}
			}
		},
		{
			"from": [7.55, 18.30374, 9.81097],
			"to": [8.45, 20.10374, 10.71097],
			"rotation": {"angle": -22.5, "axis": "x", "origin": [8, 16.9291, 9.83929]},
			"faces": {
				"north": {"uv": [4, 10.66667, 4.66667, 11.83333], "texture": "#4"},
				"east": {"uv": [4.66667, 10.66667, 5.33333, 11.83333], "texture": "#4"},
				"south": {"uv": [10.66667, 4.66667, 11.33333, 5.83333], "texture": "#4"},
				"west": {"uv": [10.66667, 6, 11.33333, 7.16667], "texture": "#4"},
				"down": {"uv": [13.33333, 4, 12.66667, 4.66667], "texture": "#4"}
			}
		},
		{
			"from": [7.5905, 16.89468, 9.29957],
			"to": [8.4095, 18.53268, 10.11857],
			"rotation": {"angle": 0, "axis": "y", "origin": [8, 16.9291, 9.83929]},
			"faces": {
				"north": {"uv": [3.33333, 11.33333, 3.83333, 12.5], "texture": "#4"},
				"east": {"uv": [5.33333, 11.33333, 5.83333, 12.5], "texture": "#4"},
				"south": {"uv": [10.66667, 11.33333, 11.16667, 12.5], "texture": "#4"},
				"west": {"uv": [11.33333, 11.33333, 11.83333, 12.5], "texture": "#4"},
				"down": {"uv": [13.83333, 12, 13.33333, 12.5], "texture": "#4"}
			}
		},
		{
			"from": [7.63555, 14.54635, 9.38157],
			"to": [8.36446, 17.00417, 10.11048],
			"rotation": {"angle": 22.5, "axis": "x", "origin": [8, 16.9291, 9.83929]},
			"faces": {
				"north": {"uv": [6, 10, 6.5, 11.66667], "texture": "#4"},
				"east": {"uv": [6.66667, 10, 7.16667, 11.66667], "texture": "#4"},
				"south": {"uv": [10, 6.66667, 10.5, 8.33333], "texture": "#4"},
				"west": {"uv": [7.33333, 10, 7.83333, 11.66667], "texture": "#4"},
				"down": {"uv": [13.16667, 13.33333, 12.66667, 13.83333], "texture": "#4"}
			}
		},
		{
			"from": [7.67564, 13.60543, 8.50458],
			"to": [8.32436, 14.90289, 9.15331],
			"rotation": {"angle": 0, "axis": "y", "origin": [8, 16.9291, 9.83929]},
			"faces": {
				"north": {"uv": [0, 13.33333, 0.5, 14.16667], "texture": "#4"},
				"east": {"uv": [0.66667, 13.33333, 1.16667, 14.16667], "texture": "#4"},
				"south": {"uv": [1.33333, 13.33333, 1.83333, 14.16667], "texture": "#4"},
				"west": {"uv": [2, 13.33333, 2.5, 14.16667], "texture": "#4"},
				"down": {"uv": [13.83333, 12.66667, 13.33333, 13.16667], "texture": "#4"}
			}
		},
		{
			"from": [7.71132, 13.21446, 7.33426],
			"to": [8.28868, 14.3692, 7.91163],
			"rotation": {"angle": -22.5, "axis": "x", "origin": [8, 16.9291, 9.83929]},
			"faces": {
				"north": {"uv": [13.33333, 6, 13.66667, 6.83333], "texture": "#4"},
				"east": {"uv": [7.33333, 13.33333, 7.66667, 14.16667], "texture": "#4"},
				"south": {"uv": [13.33333, 7.33333, 13.66667, 8.16667], "texture": "#4"},
				"west": {"uv": [8, 13.33333, 8.33333, 14.16667], "texture": "#4"},
				"down": {"uv": [15, 8, 14.66667, 8.33333], "texture": "#4"}
			}
		},
		{
			"from": [7.25, 17.5, 8],
			"to": [8.75, 19.5, 10],
			"rotation": {"angle": -45, "axis": "x", "origin": [7.5, 17.5, 8]},
			"faces": {
				"north": {"uv": [6.66667, 8.66667, 7.66667, 10], "texture": "#4"},
				"east": {"uv": [7.33333, 5.33333, 8.66667, 6.66667], "texture": "#4"},
				"south": {"uv": [8.66667, 6.66667, 9.66667, 8], "texture": "#4"},
				"west": {"uv": [6.66667, 7.33333, 8, 8.66667], "texture": "#4"},
				"up": {"uv": [9.66667, 9.33333, 8.66667, 8], "texture": "#4"},
				"down": {"uv": [1, 9.33333, 0, 10.66667], "texture": "#4"}
			}
		},
		{
			"from": [7, 17.75, 8.25],
			"to": [9, 19.25, 9.75],
			"rotation": {"angle": -45, "axis": "x", "origin": [7.5, 17.5, 8]},
			"faces": {
				"north": {"uv": [9.33333, 0, 10.66667, 1], "texture": "#4"},
				"east": {"uv": [9.33333, 9.33333, 10.33333, 10.33333], "texture": "#4"},
				"south": {"uv": [9.33333, 1.33333, 10.66667, 2.33333], "texture": "#4"},
				"west": {"uv": [2.66667, 10, 3.66667, 11], "texture": "#4"},
				"up": {"uv": [10.66667, 3.66667, 9.33333, 2.66667], "texture": "#4"},
				"down": {"uv": [9.33333, 9.33333, 8, 10.33333], "texture": "#4"}
			}
		},
		{
			"from": [7.49175, 19.84744, 10.23271],
			"to": [8.50825, 20.86394, 11.24921],
			"rotation": {"angle": -22.5, "axis": "x", "origin": [8, 16.95681, 10.09918]},
			"faces": {
				"north": {"uv": [4.66667, 12.66667, 5.33333, 13.33333], "texture": "#4"},
				"east": {"uv": [12.66667, 4.66667, 13.33333, 5.33333], "texture": "#4"},
				"south": {"uv": [5.33333, 12.66667, 6, 13.33333], "texture": "#4"},
				"west": {"uv": [12.66667, 5.33333, 13.33333, 6], "texture": "#4"},
				"up": {"uv": [6.66667, 13.33333, 6, 12.66667], "texture": "#4"},
				"down": {"uv": [13.33333, 6, 12.66667, 6.66667], "texture": "#4"}
			}
		},
		{
			"from": [7.61881, 20.1349, 9.69477],
			"to": [8.38119, 20.89727, 10.45715],
			"rotation": {"angle": 0, "axis": "y", "origin": [8, 16.95681, 10.09918]},
			"faces": {
				"east": {"uv": [13.33333, 13.33333, 13.83333, 13.83333], "texture": "#4"},
				"south": {"uv": [14, 0, 14.5, 0.5], "texture": "#4"},
				"west": {"uv": [14, 0.66667, 14.5, 1.16667], "texture": "#4"},
				"up": {"uv": [14.5, 1.83333, 14, 1.33333], "texture": "#4"},
				"down": {"uv": [14.5, 2, 14, 2.5], "texture": "#4"}
			}
		},
		{
			"from": [7.71792, 20.12187, 8.89399],
			"to": [8.28208, 20.68603, 9.45815],
			"rotation": {"angle": 22.5, "axis": "x", "origin": [8, 16.95681, 10.09918]},
			"faces": {
				"east": {"uv": [8.66667, 14.66667, 9, 15], "texture": "#4"},
				"south": {"uv": [14.66667, 8.66667, 15, 9], "texture": "#4"},
				"west": {"uv": [9.33333, 14.66667, 9.66667, 15], "texture": "#4"},
				"up": {"uv": [15, 9.66667, 14.66667, 9.33333], "texture": "#4"},
				"down": {"uv": [10.33333, 14.66667, 10, 15], "texture": "#4"}
			}
		},
		{
			"from": [7.54257, 17.96346, 9.71512],
			"to": [8.45743, 18.87831, 10.62997],
			"rotation": {"angle": 0, "axis": "y", "origin": [8, 17.08932, 9.9442]},
			"faces": {
				"north": {"uv": [6.66667, 12.66667, 7.33333, 13.33333], "texture": "#4"},
				"east": {"uv": [12.66667, 6.66667, 13.33333, 7.33333], "texture": "#4"},
				"south": {"uv": [7.33333, 12.66667, 8, 13.33333], "texture": "#4"},
				"west": {"uv": [12.66667, 7.33333, 13.33333, 8], "texture": "#4"},
				"up": {"uv": [8.66667, 13.33333, 8, 12.66667], "texture": "#4"},
				"down": {"uv": [13.33333, 8, 12.66667, 8.66667], "texture": "#4"}
			}
		},
		{
			"from": [7.65693, 18.22001, 9.91862],
			"to": [8.34307, 18.90615, 10.60476],
			"rotation": {"angle": 22.5, "axis": "x", "origin": [8, 17.08932, 9.9442]},
			"faces": {
				"east": {"uv": [2.66667, 14, 3.16667, 14.5], "texture": "#4"},
				"south": {"uv": [3.33333, 14, 3.83333, 14.5], "texture": "#4"},
				"west": {"uv": [4, 14, 4.5, 14.5], "texture": "#4"},
				"up": {"uv": [5.16667, 14.5, 4.66667, 14], "texture": "#4"},
				"down": {"uv": [5.83333, 14, 5.33333, 14.5], "texture": "#4"}
			}
		},
		{
			"from": [7.74613, 16.69173, 11.32432],
			"to": [8.25387, 17.19948, 11.83206],
			"rotation": {"angle": -45, "axis": "x", "origin": [8, 17.08932, 9.9442]},
			"faces": {
				"north": {"uv": [14.66667, 10, 15, 10.33333], "texture": "#4"},
				"east": {"uv": [10.66667, 14.66667, 11, 15], "texture": "#4"},
				"south": {"uv": [14.66667, 10.66667, 15, 11], "texture": "#4"},
				"west": {"uv": [11.33333, 14.66667, 11.66667, 15], "texture": "#4"},
				"down": {"uv": [15, 11.33333, 14.66667, 11.66667], "texture": "#4"}
			}
		},
		{
			"from": [7.58324, 16.16301, 9.79688],
			"to": [8.41677, 16.99654, 10.63041],
			"rotation": {"angle": 22.5, "axis": "x", "origin": [8, 17.14681, 9.86168]},
			"faces": {
				"north": {"uv": [14, 8, 14.5, 8.5], "texture": "#4"},
				"east": {"uv": [8.66667, 14, 9.16667, 14.5], "texture": "#4"},
				"south": {"uv": [9.33333, 14, 9.83333, 14.5], "texture": "#4"},
				"west": {"uv": [10, 14, 10.5, 14.5], "texture": "#4"},
				"up": {"uv": [11.16667, 14.5, 10.66667, 14], "texture": "#4"},
				"down": {"uv": [11.83333, 14, 11.33333, 14.5], "texture": "#4"}
			}
		},
		{
			"from": [7.68743, 15.73073, 9.30222],
			"to": [8.31257, 16.35588, 9.92736],
			"rotation": {"angle": -45, "axis": "x", "origin": [8, 17.14681, 9.86168]},
			"faces": {
				"north": {"uv": [6, 14, 6.5, 14.5], "texture": "#4"},
				"east": {"uv": [14, 6, 14.5, 6.5], "texture": "#4"},
				"south": {"uv": [6.66667, 14, 7.16667, 14.5], "texture": "#4"},
				"west": {"uv": [14, 6.66667, 14.5, 7.16667], "texture": "#4"},
				"down": {"uv": [14.5, 7.33333, 14, 7.83333], "texture": "#4"}
			}
		},
		{
			"from": [7.7687, 15.42397, 9.96207],
			"to": [8.2313, 15.88658, 10.42468],
			"rotation": {"angle": -22.5, "axis": "x", "origin": [8, 17.14681, 9.86168]},
			"faces": {
				"north": {"uv": [12, 14.66667, 12.33333, 15], "texture": "#4"},
				"east": {"uv": [14.66667, 12, 15, 12.33333], "texture": "#4"},
				"south": {"uv": [12.66667, 14.66667, 13, 15], "texture": "#4"},
				"west": {"uv": [14.66667, 12.66667, 15, 13], "texture": "#4"},
				"down": {"uv": [13.66667, 14.66667, 13.33333, 15], "texture": "#4"}
			}
		},
		{
			"from": [7.62074, 14.0629, 8.75368],
			"to": [8.37926, 14.82141, 9.5122],
			"rotation": {"angle": 45, "axis": "x", "origin": [8, 14.327, 9.55939]},
			"faces": {
				"north": {"uv": [12, 14, 12.5, 14.5], "texture": "#4"},
				"east": {"uv": [14, 12, 14.5, 12.5], "texture": "#4"},
				"south": {"uv": [12.66667, 14, 13.16667, 14.5], "texture": "#4"},
				"west": {"uv": [14, 12.66667, 14.5, 13.16667], "texture": "#4"},
				"up": {"uv": [13.83333, 14.5, 13.33333, 14], "texture": "#4"},
				"down": {"uv": [14.5, 13.33333, 14, 13.83333], "texture": "#4"}
			}
		},
		{
			"from": [7.71556, 13.9698, 9.34762],
			"to": [8.28444, 14.53868, 9.91651],
			"rotation": {"angle": -22.5, "axis": "x", "origin": [8, 14.327, 9.55939]},
			"faces": {
				"north": {"uv": [15.33333, 0, 15.66667, 0.33333], "texture": "#4"},
				"east": {"uv": [0.66667, 15.33333, 1, 15.66667], "texture": "#4"},
				"south": {"uv": [15.33333, 0.66667, 15.66667, 1], "texture": "#4"},
				"west": {"uv": [15.33333, 1.33333, 15.66667, 1.66667], "texture": "#4"},
				"down": {"uv": [2.33333, 15.33333, 2, 15.66667], "texture": "#4"}
			}
		},
		{
			"from": [7.78951, 13.73354, 9.56901],
			"to": [8.21049, 14.15451, 9.98999],
			"rotation": {"angle": 0, "axis": "y", "origin": [8, 14.327, 9.55939]},
			"faces": {
				"north": {"uv": [14.66667, 13.33333, 15, 13.66667], "texture": "#4"},
				"east": {"uv": [14, 14.66667, 14.33333, 15], "texture": "#4"},
				"south": {"uv": [14.66667, 14, 15, 14.33333], "texture": "#4"},
				"west": {"uv": [14.66667, 14.66667, 15, 15], "texture": "#4"},
				"down": {"uv": [0.33333, 15.33333, 0, 15.66667], "texture": "#4"}
			}
		},
		{
			"from": [7.985, -2.5, 7],
			"to": [8.015, 0.5, 9],
			"rotation": {"angle": 0, "axis": "y", "origin": [7.985, 0, 7]},
			"faces": {
				"east": {"uv": [3.33333, 4, 4.66667, 6], "texture": "#4"},
				"west": {"uv": [4.66667, 4, 6, 6], "texture": "#4"}
			}
		},
		{
			"from": [7.775, 17.75, 8.5],
			"to": [7.805, 20.75, 11.5],
			"rotation": {"angle": 0, "axis": "y", "origin": [8, 5.75, -0.25]},
			"faces": {
				"east": {"uv": [3.33333, 0, 5.33333, 2], "texture": "#4"},
				"west": {"uv": [3.33333, 2, 5.33333, 4], "texture": "#4"}
			}
		},
		{
			"from": [6.85, 19.1, 7.1],
			"to": [6.88, 20.6, 8.35],
			"rotation": {"angle": 0, "axis": "y", "origin": [0, 5.75, -0.25]},
			"faces": {
				"east": {"uv": [10.66667, 2, 11.5, 3], "texture": "#4"},
				"west": {"uv": [10.66667, 3.33333, 11.5, 4.33333], "texture": "#4"}
			}
		},
		{
			"from": [7.985, 17.1, 10.475],
			"to": [8.015, 18.1, 11.225],
			"rotation": {"angle": 0, "axis": "y", "origin": [7.985, 10.8, 1.675]},
			"faces": {
				"east": {"uv": [13.33333, 1.33333, 13.83333, 2], "texture": "#4"},
				"west": {"uv": [2.66667, 13.33333, 3.16667, 14], "texture": "#4"}
			}
		},
		{
			"from": [8.2, 14.5, 8.75],
			"to": [8.23, 16.5, 10.75],
			"rotation": {"angle": 0, "axis": "y", "origin": [8, 5.75, -0.25]},
			"faces": {
				"east": {"uv": [8, 0, 9.33333, 1.33333], "texture": "#4"},
				"west": {"uv": [8, 1.33333, 9.33333, 2.66667], "texture": "#4"}
			}
		},
		{
			"from": [6.8, 20.875, 7.1],
			"to": [6.8, 22.875, 9.1],
			"rotation": {"angle": 0, "axis": "y", "origin": [8, 5.75, -0.25]},
			"faces": {
				"north": {"uv": [0, 0, 0, 1.33333], "texture": "#4"},
				"south": {"uv": [0, 0, 0, 1.33333], "texture": "#4"},
				"west": {"uv": [8, 2.66667, 9.33333, 4], "texture": "#4"},
				"up": {"uv": [0, 1.33333, 0, 0], "texture": "#4"},
				"down": {"uv": [0, 0, 0, 1.33333], "texture": "#4"}
			}
		},
		{
			"from": [7.5, 12.75, 7.5],
			"to": [8.5, 16.75, 8.5],
			"rotation": {"angle": 0, "axis": "y", "origin": [7.5, 12.75, 7.5]},
			"faces": {
				"north": {"uv": [4, 8, 4.66667, 10.66667], "texture": "#4"},
				"east": {"uv": [4.66667, 8, 5.33333, 10.66667], "texture": "#4"},
				"south": {"uv": [8, 6.66667, 8.66667, 9.33333], "texture": "#4"},
				"west": {"uv": [2, 8.66667, 2.66667, 11.33333], "texture": "#4"},
				"up": {"uv": [11.33333, 13.33333, 10.66667, 12.66667], "texture": "#4"},
				"down": {"uv": [12, 12.66667, 11.33333, 13.33333], "texture": "#4"}
			}
		},
		{
			"from": [7.5, 1.75, 7.5],
			"to": [8.5, 7.25, 8.5],
			"rotation": {"angle": 0, "axis": "y", "origin": [7.5, 5.25, 7.5]},
			"faces": {
				"north": {"uv": [0, 5.33333, 0.66667, 9], "texture": "#4"},
				"east": {"uv": [5.33333, 0, 6, 3.66667], "texture": "#4"},
				"south": {"uv": [0.66667, 5.33333, 1.33333, 9], "texture": "#4"},
				"west": {"uv": [1.33333, 5.33333, 2, 9], "texture": "#4"},
				"up": {"uv": [12.66667, 13.33333, 12, 12.66667], "texture": "#4"},
				"down": {"uv": [13.33333, 12.66667, 12.66667, 13.33333], "texture": "#4"}
			}
		},
		{
			"from": [8.485, 18.8, 3.5],
			"to": [8.515, 24.8, 7.5],
			"rotation": {"angle": -45, "axis": "z", "origin": [8.5, 21.8, 5.5]},
			"faces": {
				"east": {"uv": [8, 0, 0, 12], "texture": "#2"},
				"west": {"uv": [0, 0, 8, 12], "texture": "#2"}
			}
		},
		{
			"from": [7.485, 18.8, 3.5],
			"to": [7.515, 24.8, 7.5],
			"rotation": {"angle": 45, "axis": "z", "origin": [7.5, 21.8, 5.5]},
			"faces": {
				"east": {"uv": [8, 0, 0, 12], "texture": "#2"},
				"west": {"uv": [0, 0, 8, 12], "texture": "#2"}
			}
		},
		{
			"from": [7.5, 23, 8],
			"to": [8.5, 24.75, 9.75],
			"rotation": {"angle": -45, "axis": "x", "origin": [7.5, 23, 8]},
			"faces": {
				"north": {"uv": [10.66667, 7.33333, 11.33333, 8.5], "texture": "#4"},
				"east": {"uv": [5.33333, 8.66667, 6.5, 9.83333], "texture": "#4"},
				"south": {"uv": [8, 10.66667, 8.66667, 11.83333], "texture": "#4"},
				"west": {"uv": [8.66667, 5.33333, 9.83333, 6.5], "texture": "#4"},
				"up": {"uv": [9.33333, 11.83333, 8.66667, 10.66667], "texture": "#4"},
				"down": {"uv": [11.33333, 8.66667, 10.66667, 9.83333], "texture": "#4"}
			}
		},
		{
			"from": [7.985, 24, 5.875],
			"to": [8.015, 32, 10.125],
			"rotation": {"angle": 0, "axis": "y", "origin": [7.985, 24, 6.125]},
			"faces": {
				"east": {"uv": [2.83333, 0, 0, 5.33333], "texture": "#4"},
				"west": {"uv": [0, 0, 2.83333, 5.33333], "texture": "#4"}
			}
		}
	],
	"gui_light": "front",
	"display": {
		"thirdperson_righthand": {
			"translation": [0, -4, 1]
		},
		"thirdperson_lefthand": {
			"translation": [0, -4, 1]
		},
		"firstperson_righthand": {
			"rotation": [-15, 0, 0],
			"translation": [0, -4, 0.75]
		},
		"firstperson_lefthand": {
			"rotation": [-15, 0, 0],
			"translation": [0, -4, 0.75]
		},
		"ground": {
			"rotation": [-45, 0, 0],
			"translation": [0, 4.5, 0]
		},
		"gui": {
			"rotation": [-90, 45, 90],
			"translation": [4, -4, 0],
			"scale": [0.8, 0.8, 0.8]
		},
		"head": {
			"rotation": [0, -90, 0]
		},
		"fixed": {
			"rotation": [0, -90, 0],
			"translation": [0, -14.25, -2.25],
			"scale": [2.5, 2.5, 2.5]
		}
	}
}