{
	"credit": "Made by PolygonMC",
	"texture_size": [28, 28],
	"textures": {
		"2": "fiendskullset/animations/animations_1",
		"3": "fiendskullset/staff"
	},
	"elements": [
		{
			"from": [7.5, 0.75, 7.5],
			"to": [8.5, 1.25, 8.5],
			"rotation": {"angle": 0, "axis": "y", "origin": [7.5, 0, 7.5]},
			"faces": {
				"north": {"uv": [10.85714, 12.57143, 11.42857, 12.85714], "texture": "#3"},
				"east": {"uv": [12.57143, 10.85714, 13.14286, 11.14286], "texture": "#3"},
				"south": {"uv": [11.42857, 12.57143, 12, 12.85714], "texture": "#3"},
				"west": {"uv": [12.57143, 11.42857, 13.14286, 11.71429], "texture": "#3"}
			}
		},
		{
			"from": [7.5, 14.25, 7.5],
			"to": [8.5, 15.25, 8.5],
			"rotation": {"angle": 0, "axis": "y", "origin": [7.5, 9.5, 7.5]},
			"faces": {
				"north": {"uv": [4.57143, 2.85714, 5.14286, 3.42857], "texture": "#3"},
				"east": {"uv": [5.71429, 1.14286, 6.28571, 1.71429], "texture": "#3"},
				"south": {"uv": [4.57143, 5.71429, 5.14286, 6.28571], "texture": "#3"},
				"west": {"uv": [6.28571, 5.71429, 6.85714, 6.28571], "texture": "#3"}
			}
		},
		{
			"from": [7.5, 8.25, 7.5],
			"to": [8.5, 9.25, 8.5],
			"rotation": {"angle": 0, "axis": "y", "origin": [7.5, 5, 7.5]},
			"faces": {
				"north": {"uv": [7.42857, 5.14286, 8, 5.71429], "texture": "#3"},
				"east": {"uv": [8, 2.28571, 8.57143, 2.85714], "texture": "#3"},
				"south": {"uv": [10.28571, 1.71429, 10.85714, 2.28571], "texture": "#3"},
				"west": {"uv": [2.28571, 10.28571, 2.85714, 10.85714], "texture": "#3"},
				"down": {"uv": [10.85714, 2.28571, 10.28571, 2.85714], "texture": "#3"}
			}
		},
		{
			"from": [7.5, 4.75, 7.5],
			"to": [8.5, 5.75, 8.5],
			"rotation": {"angle": 0, "axis": "y", "origin": [7.5, 5, 7.5]},
			"faces": {
				"north": {"uv": [2.85714, 10.28571, 3.42857, 10.85714], "texture": "#3"},
				"east": {"uv": [10.28571, 2.85714, 10.85714, 3.42857], "texture": "#3"},
				"south": {"uv": [3.42857, 10.28571, 4, 10.85714], "texture": "#3"},
				"west": {"uv": [10.28571, 3.42857, 10.85714, 4], "texture": "#3"},
				"up": {"uv": [4.57143, 10.85714, 4, 10.28571], "texture": "#3"}
			}
		},
		{
			"from": [7.6, 5.75, 7.6],
			"to": [8.4, 8.25, 8.4],
			"rotation": {"angle": 0, "axis": "y", "origin": [7.5, 5, 7.5]},
			"faces": {
				"north": {"uv": [8, 5.14286, 8.42857, 6.57143], "texture": "#3"},
				"east": {"uv": [7.42857, 8, 7.85714, 9.42857], "texture": "#3"},
				"south": {"uv": [8, 8, 8.42857, 9.42857], "texture": "#3"},
				"west": {"uv": [8.57143, 2.28571, 9, 3.71429], "texture": "#3"}
			}
		},
		{
			"from": [7.4, 4.25, 7.4],
			"to": [8.6, 4.75, 8.6],
			"rotation": {"angle": 0, "axis": "y", "origin": [7.5, 5, 7.5]},
			"faces": {
				"north": {"uv": [11.42857, 6.85714, 12.14286, 7.14286], "texture": "#3"},
				"east": {"uv": [7.42857, 11.42857, 8.14286, 11.71429], "texture": "#3"},
				"south": {"uv": [11.42857, 7.42857, 12.14286, 7.71429], "texture": "#3"},
				"west": {"uv": [11.42857, 8, 12.14286, 8.28571], "texture": "#3"},
				"up": {"uv": [1.28571, 9.85714, 0.57143, 9.14286], "texture": "#3"},
				"down": {"uv": [9.85714, 1.14286, 9.14286, 1.85714], "texture": "#3"}
			}
		},
		{
			"from": [7.4, 1.25, 7.4],
			"to": [8.6, 1.75, 8.6],
			"rotation": {"angle": 0, "axis": "y", "origin": [7.5, 2, 7.5]},
			"faces": {
				"north": {"uv": [11.42857, 8.57143, 12.14286, 8.85714], "texture": "#3"},
				"east": {"uv": [11.42857, 9.14286, 12.14286, 9.42857], "texture": "#3"},
				"south": {"uv": [11.42857, 9.71429, 12.14286, 10], "texture": "#3"},
				"west": {"uv": [11.42857, 10.28571, 12.14286, 10.57143], "texture": "#3"},
				"up": {"uv": [2.42857, 9.85714, 1.71429, 9.14286], "texture": "#3"},
				"down": {"uv": [9.85714, 2.28571, 9.14286, 3], "texture": "#3"}
			}
		},
		{
			"from": [7.4, 9.25, 7.4],
			"to": [8.6, 9.75, 8.6],
			"rotation": {"angle": 0, "axis": "y", "origin": [7.5, 5, 7.5]},
			"faces": {
				"north": {"uv": [10.85714, 11.42857, 11.57143, 11.71429], "texture": "#3"},
				"east": {"uv": [11.42857, 10.85714, 12.14286, 11.14286], "texture": "#3"},
				"south": {"uv": [12, 0, 12.71429, 0.28571], "texture": "#3"},
				"west": {"uv": [12, 0.57143, 12.71429, 0.85714], "texture": "#3"},
				"up": {"uv": [3.57143, 9.85714, 2.85714, 9.14286], "texture": "#3"},
				"down": {"uv": [9.85714, 3.42857, 9.14286, 4.14286], "texture": "#3"}
			}
		},
		{
			"from": [7.4, 13.75, 7.4],
			"to": [8.6, 14.25, 8.6],
			"rotation": {"angle": 0, "axis": "y", "origin": [7.5, 9.5, 7.5]},
			"faces": {
				"north": {"uv": [1.14286, 12, 1.85714, 12.28571], "texture": "#3"},
				"east": {"uv": [12, 1.14286, 12.71429, 1.42857], "texture": "#3"},
				"south": {"uv": [2.28571, 12, 3, 12.28571], "texture": "#3"},
				"west": {"uv": [12, 2.28571, 12.71429, 2.57143], "texture": "#3"},
				"up": {"uv": [9.85714, 5.28571, 9.14286, 4.57143], "texture": "#3"},
				"down": {"uv": [9.85714, 6.85714, 9.14286, 7.57143], "texture": "#3"}
			}
		},
		{
			"from": [7.455, -0.045, 7.455],
			"to": [8.545, 1.045, 8.545],
			"rotation": {"angle": -45, "axis": "x", "origin": [8, 0.5, 8]},
			"faces": {
				"north": {"uv": [10.28571, 4, 10.85714, 4.57143], "texture": "#3"},
				"east": {"uv": [4.57143, 10.28571, 5.14286, 10.85714], "texture": "#3"},
				"south": {"uv": [10.28571, 4.57143, 10.85714, 5.14286], "texture": "#3"},
				"west": {"uv": [5.14286, 10.28571, 5.71429, 10.85714], "texture": "#3"},
				"up": {"uv": [10.85714, 5.71429, 10.28571, 5.14286], "texture": "#3"},
				"down": {"uv": [6.28571, 10.28571, 5.71429, 10.85714], "texture": "#3"}
			}
		},
		{
			"from": [7, 18.7, 6.7],
			"to": [9, 20.7, 8.95],
			"rotation": {"angle": 22.5, "axis": "x", "origin": [8, 18.86424, 7.60187]},
			"faces": {
				"north": {"uv": [2.85714, 4.57143, 4, 5.71429], "texture": "#3"},
				"east": {"uv": [1.71429, 3.42857, 3, 4.57143], "texture": "#3"},
				"south": {"uv": [4, 4.57143, 5.14286, 5.71429], "texture": "#3"},
				"west": {"uv": [3.42857, 3.42857, 4.71429, 4.57143], "texture": "#3"},
				"up": {"uv": [1.14286, 5.85714, 0, 4.57143], "texture": "#3"},
				"down": {"uv": [5.71429, 0, 4.57143, 1.28571], "texture": "#3"}
			}
		},
		{
			"from": [7, 18.24598, 7.01882],
			"to": [9, 18.74598, 7.04882],
			"rotation": {"angle": 22.5, "axis": "x", "origin": [8, 19.06022, 7.52069]},
			"faces": {
				"north": {"uv": [10.28571, 6.85714, 11.42857, 7.14286], "texture": "#3"},
				"south": {"uv": [10.28571, 7.42857, 11.42857, 7.71429], "texture": "#3"}
			}
		},
		{
			"from": [6.75, 17.34588, 6.9258],
			"to": [7, 17.84588, 8.9258],
			"rotation": {"angle": -22.5, "axis": "x", "origin": [8, 17.84588, 7.6758]},
			"faces": {
				"north": {"uv": [13.71429, 9.14286, 13.85714, 9.42857], "texture": "#3"},
				"east": {"uv": [10.28571, 8, 11.42857, 8.28571], "texture": "#3"},
				"south": {"uv": [9.71429, 13.71429, 9.85714, 14], "texture": "#3"},
				"west": {"uv": [8.57143, 10.28571, 9.71429, 10.57143], "texture": "#3"},
				"up": {"uv": [12.14286, 13.71429, 12, 12.57143], "texture": "#3"},
				"down": {"uv": [12.71429, 12, 12.57143, 13.14286], "texture": "#3"}
			}
		},
		{
			"from": [7, 17.34588, 6.6758],
			"to": [9, 17.84588, 7.1758],
			"rotation": {"angle": -22.5, "axis": "x", "origin": [8, 17.84588, 7.6758]},
			"faces": {
				"north": {"uv": [10.28571, 8.57143, 11.42857, 8.85714], "texture": "#3"},
				"east": {"uv": [5.71429, 13.14286, 6, 13.42857], "texture": "#3"},
				"south": {"uv": [9.71429, 10.28571, 10.85714, 10.57143], "texture": "#3"},
				"west": {"uv": [6.28571, 13.14286, 6.57143, 13.42857], "texture": "#3"},
				"up": {"uv": [12, 0.28571, 10.85714, 0], "texture": "#3"},
				"down": {"uv": [1.71429, 10.85714, 0.57143, 11.14286], "texture": "#3"}
			}
		},
		{
			"from": [6.75, 17.84588, 7.9258],
			"to": [7, 18.34588, 8.9258],
			"rotation": {"angle": -22.5, "axis": "x", "origin": [8, 17.84588, 7.6758]},
			"faces": {
				"north": {"uv": [13.71429, 9.71429, 13.85714, 10], "texture": "#3"},
				"east": {"uv": [0, 13.14286, 0.57143, 13.42857], "texture": "#3"},
				"south": {"uv": [10.28571, 13.71429, 10.42857, 14], "texture": "#3"},
				"west": {"uv": [13.14286, 0, 13.71429, 0.28571], "texture": "#3"},
				"up": {"uv": [13.28571, 6.85714, 13.14286, 6.28571], "texture": "#3"}
			}
		},
		{
			"from": [9, 17.84588, 7.9258],
			"to": [9.25, 18.34588, 8.9258],
			"rotation": {"angle": -22.5, "axis": "x", "origin": [8, 17.84588, 7.6758]},
			"faces": {
				"north": {"uv": [13.71429, 10.28571, 13.85714, 10.57143], "texture": "#3"},
				"east": {"uv": [0.57143, 13.14286, 1.14286, 13.42857], "texture": "#3"},
				"south": {"uv": [10.85714, 13.71429, 11, 14], "texture": "#3"},
				"west": {"uv": [13.14286, 0.57143, 13.71429, 0.85714], "texture": "#3"},
				"up": {"uv": [7, 13.71429, 6.85714, 13.14286], "texture": "#3"}
			}
		},
		{
			"from": [9.07, 17.84588, 7.0258],
			"to": [9.1, 18.34588, 7.9258],
			"rotation": {"angle": -22.5, "axis": "x", "origin": [8, 17.84588, 7.6758]},
			"faces": {
				"east": {"uv": [1.14286, 13.14286, 1.71429, 13.42857], "texture": "#3"},
				"west": {"uv": [13.14286, 1.14286, 13.71429, 1.42857], "texture": "#3"}
			}
		},
		{
			"from": [6.9, 17.84588, 7.0258],
			"to": [9.1, 18.34588, 7.0558],
			"rotation": {"angle": -22.5, "axis": "x", "origin": [8, 17.84588, 7.6758]},
			"faces": {
				"north": {"uv": [0.57143, 10.28571, 1.85714, 10.57143], "texture": "#3"},
				"south": {"uv": [10.28571, 1.14286, 11.57143, 1.42857], "texture": "#3"}
			}
		},
		{
			"from": [6.9, 17.84588, 7.0258],
			"to": [6.93, 18.34588, 7.9258],
			"rotation": {"angle": -22.5, "axis": "x", "origin": [8, 17.84588, 7.6758]},
			"faces": {
				"east": {"uv": [1.71429, 13.14286, 2.28571, 13.42857], "texture": "#3"},
				"west": {"uv": [13.14286, 1.71429, 13.71429, 2], "texture": "#3"}
			}
		},
		{
			"from": [9, 17.34588, 6.9258],
			"to": [9.25, 17.84588, 8.9258],
			"rotation": {"angle": -22.5, "axis": "x", "origin": [8, 17.84588, 7.6758]},
			"faces": {
				"north": {"uv": [13.71429, 10.85714, 13.85714, 11.14286], "texture": "#3"},
				"east": {"uv": [10.85714, 0.57143, 12, 0.85714], "texture": "#3"},
				"south": {"uv": [11.42857, 13.71429, 11.57143, 14], "texture": "#3"},
				"west": {"uv": [1.71429, 10.85714, 2.85714, 11.14286], "texture": "#3"},
				"up": {"uv": [2.42857, 14.28571, 2.28571, 13.14286], "texture": "#3"},
				"down": {"uv": [13.28571, 2.28571, 13.14286, 3.42857], "texture": "#3"}
			}
		},
		{
			"from": [8.5, 19.95, 6.55],
			"to": [9.25, 20.2, 7.05],
			"rotation": {"angle": 22.5, "axis": "x", "origin": [8, 18.86424, 7.60187]},
			"faces": {
				"north": {"uv": [13.71429, 8, 14.14286, 8.14286], "texture": "#3"},
				"east": {"uv": [13.71429, 11.42857, 14, 11.57143], "texture": "#3"},
				"south": {"uv": [8.57143, 13.71429, 9, 13.85714], "texture": "#3"},
				"west": {"uv": [12, 13.71429, 12.28571, 13.85714], "texture": "#3"},
				"up": {"uv": [3.28571, 13.42857, 2.85714, 13.14286], "texture": "#3"},
				"down": {"uv": [3.85714, 13.14286, 3.42857, 13.42857], "texture": "#3"}
			}
		},
		{
			"from": [6.75, 19.95, 6.55],
			"to": [7.5, 20.2, 7.05],
			"rotation": {"angle": 22.5, "axis": "x", "origin": [8, 18.86424, 7.60187]},
			"faces": {
				"north": {"uv": [13.71429, 8.57143, 14.14286, 8.71429], "texture": "#3"},
				"east": {"uv": [13.71429, 12, 14, 12.14286], "texture": "#3"},
				"south": {"uv": [9.14286, 13.71429, 9.57143, 13.85714], "texture": "#3"},
				"west": {"uv": [12.57143, 13.71429, 12.85714, 13.85714], "texture": "#3"},
				"up": {"uv": [13.57143, 3.71429, 13.14286, 3.42857], "texture": "#3"},
				"down": {"uv": [4.42857, 13.14286, 4, 13.42857], "texture": "#3"}
			}
		},
		{
			"from": [6.75, 19.2, 7.2],
			"to": [9.25, 20.95, 9.2],
			"rotation": {"angle": 22.5, "axis": "x", "origin": [8, 18.86424, 7.60187]},
			"faces": {
				"north": {"uv": [1.14286, 4.57143, 2.57143, 5.57143], "texture": "#3"},
				"east": {"uv": [0, 6.28571, 1.14286, 7.28571], "texture": "#3"},
				"south": {"uv": [4.57143, 1.71429, 6, 2.71429], "texture": "#3"},
				"west": {"uv": [6.28571, 1.14286, 7.42857, 2.14286], "texture": "#3"},
				"up": {"uv": [4.28571, 1.14286, 2.85714, 0], "texture": "#3"},
				"down": {"uv": [4.28571, 1.14286, 2.85714, 2.28571], "texture": "#3"}
			}
		},
		{
			"from": [7.5, 16.5285, 10.8595],
			"to": [8.5, 18.5285, 11.8595],
			"rotation": {"angle": -45, "axis": "x", "origin": [8, 13.9291, 9.83929]},
			"faces": {
				"north": {"uv": [2.28571, 8, 2.85714, 9.14286], "texture": "#3"},
				"east": {"uv": [2.85714, 8, 3.42857, 9.14286], "texture": "#3"},
				"south": {"uv": [3.42857, 8, 4, 9.14286], "texture": "#3"},
				"west": {"uv": [4, 8, 4.57143, 9.14286], "texture": "#3"},
				"up": {"uv": [11.42857, 2.28571, 10.85714, 1.71429], "texture": "#3"},
				"down": {"uv": [11.42857, 2.28571, 10.85714, 2.85714], "texture": "#3"}
			}
		},
		{
			"from": [7.55, 15.30374, 9.81097],
			"to": [8.45, 17.10374, 10.71097],
			"rotation": {"angle": -22.5, "axis": "x", "origin": [8, 13.9291, 9.83929]},
			"faces": {
				"north": {"uv": [8.57143, 6.85714, 9.14286, 7.85714], "texture": "#3"},
				"east": {"uv": [8.57143, 8, 9.14286, 9], "texture": "#3"},
				"south": {"uv": [0, 9.14286, 0.57143, 10.14286], "texture": "#3"},
				"west": {"uv": [9.14286, 0, 9.71429, 1], "texture": "#3"},
				"down": {"uv": [3.42857, 10.85714, 2.85714, 11.42857], "texture": "#3"}
			}
		},
		{
			"from": [7.5905, 13.89468, 9.29957],
			"to": [8.4095, 15.53268, 10.11857],
			"rotation": {"angle": 0, "axis": "y", "origin": [8, 13.9291, 9.83929]},
			"faces": {
				"north": {"uv": [4, 9.14286, 4.42857, 10.14286], "texture": "#3"},
				"east": {"uv": [6.28571, 9.71429, 6.71429, 10.71429], "texture": "#3"},
				"south": {"uv": [6.85714, 9.71429, 7.28571, 10.71429], "texture": "#3"},
				"west": {"uv": [7.42857, 9.71429, 7.85714, 10.71429], "texture": "#3"},
				"down": {"uv": [12.42857, 6.28571, 12, 6.71429], "texture": "#3"}
			}
		},
		{
			"from": [7.63555, 11.54635, 9.38157],
			"to": [8.36446, 14.00417, 10.11048],
			"rotation": {"angle": 22.5, "axis": "x", "origin": [8, 13.9291, 9.83929]},
			"faces": {
				"north": {"uv": [8.57143, 4, 9, 5.42857], "texture": "#3"},
				"east": {"uv": [4.57143, 8.57143, 5, 10], "texture": "#3"},
				"south": {"uv": [5.14286, 8.57143, 5.57143, 10], "texture": "#3"},
				"west": {"uv": [5.71429, 8.57143, 6.14286, 10], "texture": "#3"},
				"down": {"uv": [8.42857, 12, 8, 12.42857], "texture": "#3"}
			}
		},
		{
			"from": [7.67564, 10.60543, 8.50458],
			"to": [8.32436, 11.90289, 9.15331],
			"rotation": {"angle": 0, "axis": "y", "origin": [8, 13.9291, 9.83929]},
			"faces": {
				"north": {"uv": [8.57143, 10.85714, 9, 11.57143], "texture": "#3"},
				"east": {"uv": [9.14286, 10.85714, 9.57143, 11.57143], "texture": "#3"},
				"south": {"uv": [10.85714, 9.14286, 11.28571, 9.85714], "texture": "#3"},
				"west": {"uv": [9.71429, 10.85714, 10.14286, 11.57143], "texture": "#3"},
				"down": {"uv": [9, 12, 8.57143, 12.42857], "texture": "#3"}
			}
		},
		{
			"from": [7.71132, 10.21446, 7.33426],
			"to": [8.28868, 11.3692, 7.91163],
			"rotation": {"angle": -22.5, "axis": "x", "origin": [8, 13.9291, 9.83929]},
			"faces": {
				"north": {"uv": [4, 12, 4.28571, 12.71429], "texture": "#3"},
				"east": {"uv": [12, 4, 12.28571, 4.71429], "texture": "#3"},
				"south": {"uv": [4.57143, 12, 4.85714, 12.71429], "texture": "#3"},
				"west": {"uv": [5.71429, 12, 6, 12.71429], "texture": "#3"},
				"down": {"uv": [13.42857, 6.85714, 13.14286, 7.14286], "texture": "#3"}
			}
		},
		{
			"from": [7.25, 14.5, 8],
			"to": [8.75, 16.5, 10],
			"rotation": {"angle": -45, "axis": "x", "origin": [7.5, 14.5, 8]},
			"faces": {
				"north": {"uv": [6.28571, 2.28571, 7.14286, 3.42857], "texture": "#3"},
				"east": {"uv": [5.14286, 2.85714, 6.28571, 4], "texture": "#3"},
				"south": {"uv": [6.28571, 3.42857, 7.14286, 4.57143], "texture": "#3"},
				"west": {"uv": [5.14286, 4, 6.28571, 5.14286], "texture": "#3"},
				"up": {"uv": [5.42857, 7.42857, 4.57143, 6.28571], "texture": "#3"},
				"down": {"uv": [7.14286, 4.57143, 6.28571, 5.71429], "texture": "#3"}
			}
		},
		{
			"from": [7, 14.75, 8.25],
			"to": [9, 16.25, 9.75],
			"rotation": {"angle": -45, "axis": "x", "origin": [7.5, 14.5, 8]},
			"faces": {
				"north": {"uv": [5.71429, 6.28571, 6.85714, 7.14286], "texture": "#3"},
				"east": {"uv": [7.42857, 2.85714, 8.28571, 3.71429], "texture": "#3"},
				"south": {"uv": [6.85714, 0, 8, 0.85714], "texture": "#3"},
				"west": {"uv": [7.42857, 4, 8.28571, 4.85714], "texture": "#3"},
				"up": {"uv": [2.28571, 7.71429, 1.14286, 6.85714], "texture": "#3"},
				"down": {"uv": [8, 5.71429, 6.85714, 6.57143], "texture": "#3"}
			}
		},
		{
			"from": [7.49175, 16.84744, 10.23271],
			"to": [8.50825, 17.86394, 11.24921],
			"rotation": {"angle": -22.5, "axis": "x", "origin": [8, 13.95681, 10.09918]},
			"faces": {
				"north": {"uv": [10.85714, 2.85714, 11.42857, 3.42857], "texture": "#3"},
				"east": {"uv": [3.42857, 10.85714, 4, 11.42857], "texture": "#3"},
				"south": {"uv": [10.85714, 3.42857, 11.42857, 4], "texture": "#3"},
				"west": {"uv": [4, 10.85714, 4.57143, 11.42857], "texture": "#3"},
				"up": {"uv": [11.42857, 4.57143, 10.85714, 4], "texture": "#3"},
				"down": {"uv": [5.14286, 10.85714, 4.57143, 11.42857], "texture": "#3"}
			}
		},
		{
			"from": [7.61881, 17.1349, 9.69477],
			"to": [8.38119, 17.89727, 10.45715],
			"rotation": {"angle": 0, "axis": "y", "origin": [8, 13.95681, 10.09918]},
			"faces": {
				"east": {"uv": [9.14286, 12, 9.57143, 12.42857], "texture": "#3"},
				"south": {"uv": [9.71429, 12, 10.14286, 12.42857], "texture": "#3"},
				"west": {"uv": [10.28571, 12, 10.71429, 12.42857], "texture": "#3"},
				"up": {"uv": [11.28571, 12.42857, 10.85714, 12], "texture": "#3"},
				"down": {"uv": [11.85714, 12, 11.42857, 12.42857], "texture": "#3"}
			}
		},
		{
			"from": [7.71792, 17.12187, 8.89399],
			"to": [8.28208, 17.68603, 9.45815],
			"rotation": {"angle": 22.5, "axis": "x", "origin": [8, 13.95681, 10.09918]},
			"faces": {
				"east": {"uv": [7.42857, 13.14286, 7.71429, 13.42857], "texture": "#3"},
				"south": {"uv": [13.14286, 7.42857, 13.42857, 7.71429], "texture": "#3"},
				"west": {"uv": [8, 13.14286, 8.28571, 13.42857], "texture": "#3"},
				"up": {"uv": [13.42857, 8.28571, 13.14286, 8], "texture": "#3"},
				"down": {"uv": [8.85714, 13.14286, 8.57143, 13.42857], "texture": "#3"}
			}
		},
		{
			"from": [7.54257, 14.96346, 9.71512],
			"to": [8.45743, 15.87831, 10.62997],
			"rotation": {"angle": 0, "axis": "y", "origin": [8, 14.08932, 9.9442]},
			"faces": {
				"north": {"uv": [10.85714, 4.57143, 11.42857, 5.14286], "texture": "#3"},
				"east": {"uv": [5.14286, 10.85714, 5.71429, 11.42857], "texture": "#3"},
				"south": {"uv": [10.85714, 5.14286, 11.42857, 5.71429], "texture": "#3"},
				"west": {"uv": [5.71429, 10.85714, 6.28571, 11.42857], "texture": "#3"},
				"up": {"uv": [11.42857, 6.28571, 10.85714, 5.71429], "texture": "#3"},
				"down": {"uv": [6.85714, 10.85714, 6.28571, 11.42857], "texture": "#3"}
			}
		},
		{
			"from": [7.65693, 15.22001, 9.91862],
			"to": [8.34307, 15.90615, 10.60476],
			"rotation": {"angle": 22.5, "axis": "x", "origin": [8, 14.08932, 9.9442]},
			"faces": {
				"east": {"uv": [12, 11.42857, 12.42857, 11.85714], "texture": "#3"},
				"south": {"uv": [12, 12, 12.42857, 12.42857], "texture": "#3"},
				"west": {"uv": [0, 12.57143, 0.42857, 13], "texture": "#3"},
				"up": {"uv": [1, 13, 0.57143, 12.57143], "texture": "#3"},
				"down": {"uv": [1.57143, 12.57143, 1.14286, 13], "texture": "#3"}
			}
		},
		{
			"from": [7.74613, 13.69173, 11.32432],
			"to": [8.25387, 14.19948, 11.83206],
			"rotation": {"angle": -45, "axis": "x", "origin": [8, 14.08932, 9.9442]},
			"faces": {
				"north": {"uv": [13.14286, 8.57143, 13.42857, 8.85714], "texture": "#3"},
				"east": {"uv": [9.14286, 13.14286, 9.42857, 13.42857], "texture": "#3"},
				"south": {"uv": [13.14286, 9.14286, 13.42857, 9.42857], "texture": "#3"},
				"west": {"uv": [9.71429, 13.14286, 10, 13.42857], "texture": "#3"},
				"down": {"uv": [13.42857, 9.71429, 13.14286, 10], "texture": "#3"}
			}
		},
		{
			"from": [7.58324, 13.16301, 9.79688],
			"to": [8.41677, 13.99654, 10.63041],
			"rotation": {"angle": 22.5, "axis": "x", "origin": [8, 14.14681, 9.86168]},
			"faces": {
				"north": {"uv": [1.71429, 12.57143, 2.14286, 13], "texture": "#3"},
				"east": {"uv": [12.57143, 1.71429, 13, 2.14286], "texture": "#3"},
				"south": {"uv": [2.28571, 12.57143, 2.71429, 13], "texture": "#3"},
				"west": {"uv": [2.85714, 12.57143, 3.28571, 13], "texture": "#3"},
				"up": {"uv": [3.85714, 13, 3.42857, 12.57143], "texture": "#3"},
				"down": {"uv": [13, 3.42857, 12.57143, 3.85714], "texture": "#3"}
			}
		},
		{
			"from": [7.68743, 12.73073, 9.30222],
			"to": [8.31257, 13.35588, 9.92736],
			"rotation": {"angle": -45, "axis": "x", "origin": [8, 14.14681, 9.86168]},
			"faces": {
				"north": {"uv": [12.57143, 4, 13, 4.42857], "texture": "#3"},
				"east": {"uv": [12.57143, 4.57143, 13, 5], "texture": "#3"},
				"south": {"uv": [5.14286, 12.57143, 5.57143, 13], "texture": "#3"},
				"west": {"uv": [12.57143, 5.14286, 13, 5.57143], "texture": "#3"},
				"down": {"uv": [13, 6.28571, 12.57143, 6.71429], "texture": "#3"}
			}
		},
		{
			"from": [7.7687, 12.42397, 9.96207],
			"to": [8.2313, 12.88658, 10.42468],
			"rotation": {"angle": -22.5, "axis": "x", "origin": [8, 14.14681, 9.86168]},
			"faces": {
				"north": {"uv": [10.28571, 13.14286, 10.57143, 13.42857], "texture": "#3"},
				"east": {"uv": [13.14286, 10.28571, 13.42857, 10.57143], "texture": "#3"},
				"south": {"uv": [10.85714, 13.14286, 11.14286, 13.42857], "texture": "#3"},
				"west": {"uv": [13.14286, 10.85714, 13.42857, 11.14286], "texture": "#3"},
				"down": {"uv": [11.71429, 13.14286, 11.42857, 13.42857], "texture": "#3"}
			}
		},
		{
			"from": [7.62074, 11.0629, 8.75368],
			"to": [8.37926, 11.82141, 9.5122],
			"rotation": {"angle": 45, "axis": "x", "origin": [8, 11.327, 9.55939]},
			"faces": {
				"north": {"uv": [6.85714, 12.57143, 7.28571, 13], "texture": "#3"},
				"east": {"uv": [12.57143, 6.85714, 13, 7.28571], "texture": "#3"},
				"south": {"uv": [12.57143, 7.42857, 13, 7.85714], "texture": "#3"},
				"west": {"uv": [8, 12.57143, 8.42857, 13], "texture": "#3"},
				"up": {"uv": [13, 8.42857, 12.57143, 8], "texture": "#3"},
				"down": {"uv": [9, 12.57143, 8.57143, 13], "texture": "#3"}
			}
		},
		{
			"from": [7.71556, 10.9698, 9.34762],
			"to": [8.28444, 11.53868, 9.91651],
			"rotation": {"angle": -22.5, "axis": "x", "origin": [8, 11.327, 9.55939]},
			"faces": {
				"north": {"uv": [13.14286, 11.42857, 13.42857, 11.71429], "texture": "#3"},
				"east": {"uv": [13.14286, 12, 13.42857, 12.28571], "texture": "#3"},
				"south": {"uv": [12.57143, 13.14286, 12.85714, 13.42857], "texture": "#3"},
				"west": {"uv": [13.14286, 12.57143, 13.42857, 12.85714], "texture": "#3"},
				"down": {"uv": [13.42857, 13.14286, 13.14286, 13.42857], "texture": "#3"}
			}
		},
		{
			"from": [7.78951, 10.73354, 9.56901],
			"to": [8.21049, 11.15451, 9.98999],
			"rotation": {"angle": 0, "axis": "y", "origin": [8, 11.327, 9.55939]},
			"faces": {
				"north": {"uv": [0, 13.71429, 0.28571, 14], "texture": "#3"},
				"east": {"uv": [13.71429, 0, 14, 0.28571], "texture": "#3"},
				"south": {"uv": [0.57143, 13.71429, 0.85714, 14], "texture": "#3"},
				"west": {"uv": [13.71429, 0.57143, 14, 0.85714], "texture": "#3"},
				"down": {"uv": [1.42857, 13.71429, 1.14286, 14], "texture": "#3"}
			}
		},
		{
			"from": [7.985, -2.5, 7],
			"to": [8.015, 0.5, 9],
			"rotation": {"angle": 0, "axis": "y", "origin": [7.985, 0, 7]},
			"faces": {
				"east": {"uv": [1.71429, 0, 2.85714, 1.71429], "texture": "#3"},
				"west": {"uv": [1.71429, 1.71429, 2.85714, 3.42857], "texture": "#3"}
			}
		},
		{
			"from": [7.775, 14.75, 8.5],
			"to": [7.805, 17.75, 11.5],
			"rotation": {"angle": 0, "axis": "y", "origin": [8, 2.75, -0.25]},
			"faces": {
				"east": {"uv": [0, 0, 1.71429, 1.71429], "texture": "#3"},
				"west": {"uv": [0, 1.71429, 1.71429, 3.42857], "texture": "#3"}
			}
		},
		{
			"from": [6.85, 16.1, 7.1],
			"to": [6.88, 17.6, 8.35],
			"rotation": {"angle": 0, "axis": "y", "origin": [0, 2.75, -0.25]},
			"faces": {
				"east": {"uv": [8.57143, 5.71429, 9.28571, 6.57143], "texture": "#3"},
				"west": {"uv": [6.28571, 8.57143, 7, 9.42857], "texture": "#3"}
			}
		},
		{
			"from": [7.985, 14.1, 10.475],
			"to": [8.015, 15.1, 11.225],
			"rotation": {"angle": 0, "axis": "y", "origin": [7.985, 7.8, 1.675]},
			"faces": {
				"east": {"uv": [1.14286, 11.42857, 1.57143, 12], "texture": "#3"},
				"west": {"uv": [1.71429, 11.42857, 2.14286, 12], "texture": "#3"}
			}
		},
		{
			"from": [8.2, 11.5, 8.75],
			"to": [8.23, 13.5, 10.75],
			"rotation": {"angle": 0, "axis": "y", "origin": [8, 2.75, -0.25]},
			"faces": {
				"east": {"uv": [5.14286, 5.14286, 6.28571, 6.28571], "texture": "#3"},
				"west": {"uv": [5.71429, 0, 6.85714, 1.14286], "texture": "#3"}
			}
		},
		{
			"from": [6.8, 17.875, 7.1],
			"to": [6.8, 19.875, 9.1],
			"rotation": {"angle": 0, "axis": "y", "origin": [8, 2.75, -0.25]},
			"faces": {
				"north": {"uv": [0, 0, 0, 1.14286], "texture": "#3"},
				"south": {"uv": [0, 0, 0, 1.14286], "texture": "#3"},
				"west": {"uv": [1.14286, 5.71429, 2.28571, 6.85714], "texture": "#3"},
				"up": {"uv": [0, 1.14286, 0, 0], "texture": "#3"},
				"down": {"uv": [0, 0, 0, 1.14286], "texture": "#3"}
			}
		},
		{
			"from": [7.5, 9.75, 7.5],
			"to": [8.5, 13.75, 8.5],
			"rotation": {"angle": 0, "axis": "y", "origin": [7.5, 9.75, 7.5]},
			"faces": {
				"north": {"uv": [2.28571, 5.71429, 2.85714, 8], "texture": "#3"},
				"east": {"uv": [2.85714, 5.71429, 3.42857, 8], "texture": "#3"},
				"south": {"uv": [3.42857, 5.71429, 4, 8], "texture": "#3"},
				"west": {"uv": [4, 5.71429, 4.57143, 8], "texture": "#3"},
				"up": {"uv": [11.42857, 6.85714, 10.85714, 6.28571], "texture": "#3"},
				"down": {"uv": [7.42857, 10.85714, 6.85714, 11.42857], "texture": "#3"}
			}
		},
		{
			"from": [7.5, 1.75, 7.5],
			"to": [8.5, 4.25, 8.5],
			"rotation": {"angle": 0, "axis": "y", "origin": [7.5, 5.25, 7.5]},
			"faces": {
				"north": {"uv": [6.85714, 6.85714, 7.42857, 8.28571], "texture": "#3"},
				"east": {"uv": [0, 7.42857, 0.57143, 8.85714], "texture": "#3"},
				"south": {"uv": [0.57143, 7.42857, 1.14286, 8.85714], "texture": "#3"},
				"west": {"uv": [7.42857, 1.14286, 8, 2.57143], "texture": "#3"},
				"up": {"uv": [8, 11.42857, 7.42857, 10.85714], "texture": "#3"},
				"down": {"uv": [8.57143, 10.85714, 8, 11.42857], "texture": "#3"}
			}
		},
		{
			"from": [8.485, 15.8, 3.5],
			"to": [8.515, 21.8, 7.5],
			"rotation": {"angle": -45, "axis": "z", "origin": [8.5, 18.8, 5.5]},
			"faces": {
				"east": {"uv": [8, 0, 0, 12], "texture": "#2"},
				"west": {"uv": [0, 0, 8, 12], "texture": "#2"}
			}
		},
		{
			"from": [7.485, 15.8, 3.5],
			"to": [7.515, 21.8, 7.5],
			"rotation": {"angle": 45, "axis": "z", "origin": [7.5, 18.8, 5.5]},
			"faces": {
				"east": {"uv": [8, 0, 0, 12], "texture": "#2"},
				"west": {"uv": [0, 0, 8, 12], "texture": "#2"}
			}
		},
		{
			"from": [5.19904, 14.66499, 6.33833],
			"to": [5.78288, 15.24883, 7.50601],
			"rotation": {"angle": -22.5, "axis": "x", "origin": [5.90658, 14.95056, 6.17239]},
			"faces": {
				"east": {"uv": [12, 2.85714, 12.71429, 3.14286], "texture": "#3"},
				"west": {"uv": [12, 5.71429, 12.71429, 6], "texture": "#3"},
				"up": {"uv": [6.57143, 12.71429, 6.28571, 12], "texture": "#3"},
				"down": {"uv": [7.71429, 12, 7.42857, 12.71429], "texture": "#3"}
			}
		},
		{
			"from": [5.16296, 14.0866, 7.3632],
			"to": [5.81896, 14.7426, 9.1752],
			"rotation": {"angle": -45, "axis": "x", "origin": [5.90658, 14.95056, 6.17239]},
			"faces": {
				"east": {"uv": [9.71429, 9.14286, 10.71429, 9.57143], "texture": "#3"},
				"south": {"uv": [12.57143, 10.28571, 13, 10.71429], "texture": "#3"},
				"west": {"uv": [9.71429, 9.71429, 10.71429, 10.14286], "texture": "#3"},
				"up": {"uv": [8.42857, 10.71429, 8, 9.71429], "texture": "#3"},
				"down": {"uv": [0.42857, 10.28571, 0, 11.28571], "texture": "#3"}
			}
		},
		{
			"from": [5.46296, 14.0366, 7.6382],
			"to": [5.49296, 15.6926, 10.4502],
			"rotation": {"angle": -45, "axis": "x", "origin": [5.90658, 14.95056, 6.17239]},
			"faces": {
				"east": {"uv": [2.85714, 2.28571, 4.42857, 3.28571], "texture": "#3"},
				"west": {"uv": [0, 3.42857, 1.57143, 4.42857], "texture": "#3"}
			}
		},
		{
			"from": [5.06908, 14.09364, 5.3065],
			"to": [5.86908, 15.34364, 6.5565],
			"rotation": {"angle": 22.5, "axis": "x", "origin": [5.90658, 14.95056, 6.17239]},
			"faces": {
				"north": {"uv": [10.28571, 10.85714, 10.71429, 11.57143], "texture": "#3"},
				"east": {"uv": [9.71429, 0, 10.42857, 0.71429], "texture": "#3"},
				"south": {"uv": [10.85714, 10.28571, 11.28571, 11], "texture": "#3"},
				"west": {"uv": [9.71429, 5.71429, 10.42857, 6.42857], "texture": "#3"},
				"up": {"uv": [0.42857, 12.14286, 0, 11.42857], "texture": "#3"},
				"down": {"uv": [1, 11.42857, 0.57143, 12.14286], "texture": "#3"}
			}
		},
		{
			"from": [5.06908, 15.50785, 6.72071],
			"to": [5.86908, 16.25785, 7.47071],
			"rotation": {"angle": 22.5, "axis": "x", "origin": [5.90658, 14.95056, 6.17239]},
			"faces": {
				"north": {"uv": [12.57143, 8.57143, 13, 9], "texture": "#3"},
				"east": {"uv": [9.14286, 12.57143, 9.57143, 13], "texture": "#3"},
				"south": {"uv": [12.57143, 9.14286, 13, 9.57143], "texture": "#3"},
				"west": {"uv": [9.71429, 12.57143, 10.14286, 13], "texture": "#3"},
				"up": {"uv": [13, 10.14286, 12.57143, 9.71429], "texture": "#3"},
				"down": {"uv": [10.71429, 12.57143, 10.28571, 13], "texture": "#3"}
			}
		},
		{
			"from": [5.31908, 13.56331, 4.77617],
			"to": [5.61908, 14.81331, 6.02617],
			"rotation": {"angle": 22.5, "axis": "x", "origin": [5.90658, 14.95056, 6.17239]},
			"faces": {
				"north": {"uv": [13.14286, 4, 13.28571, 4.71429], "texture": "#3"},
				"east": {"uv": [9.14286, 8, 9.85714, 8.71429], "texture": "#3"},
				"south": {"uv": [4.57143, 13.14286, 4.71429, 13.85714], "texture": "#3"},
				"west": {"uv": [8.57143, 9.14286, 9.28571, 9.85714], "texture": "#3"},
				"up": {"uv": [5.28571, 13.85714, 5.14286, 13.14286], "texture": "#3"},
				"down": {"uv": [13.28571, 5.14286, 13.14286, 5.85714], "texture": "#3"}
			}
		},
		{
			"from": [5.21908, 14.70691, 3.36128],
			"to": [5.71908, 15.20691, 4.86128],
			"rotation": {"angle": -22.5, "axis": "x", "origin": [5.90658, 14.95056, 6.17239]},
			"faces": {
				"north": {"uv": [13.71429, 7.42857, 14, 7.71429], "texture": "#3"},
				"east": {"uv": [11.42857, 5.14286, 12.28571, 5.42857], "texture": "#3"},
				"south": {"uv": [8, 13.71429, 8.28571, 14], "texture": "#3"},
				"west": {"uv": [5.71429, 11.42857, 6.57143, 11.71429], "texture": "#3"},
				"up": {"uv": [11.71429, 6.57143, 11.42857, 5.71429], "texture": "#3"},
				"down": {"uv": [7.14286, 11.42857, 6.85714, 12.28571], "texture": "#3"}
			}
		},
		{
			"from": [5.46908, 14.93191, 2.86128],
			"to": [7.21908, 14.96191, 4.11128],
			"rotation": {"angle": -22.5, "axis": "x", "origin": [5.90658, 14.95056, 6.17239]},
			"faces": {
				"up": {"uv": [2.14286, 8.71429, 1.14286, 8], "texture": "#3"},
				"down": {"uv": [9, 1.14286, 8, 1.85714], "texture": "#3"}
			}
		},
		{
			"from": [5.71908, 14.70691, 3.36128],
			"to": [6.21908, 15.20691, 3.86128],
			"rotation": {"angle": -22.5, "axis": "x", "origin": [5.90658, 14.95056, 6.17239]},
			"faces": {
				"north": {"uv": [6.28571, 13.71429, 6.57143, 14], "texture": "#3"},
				"east": {"uv": [13.71429, 6.28571, 14, 6.57143], "texture": "#3"},
				"south": {"uv": [6.85714, 13.71429, 7.14286, 14], "texture": "#3"},
				"up": {"uv": [14, 7.14286, 13.71429, 6.85714], "texture": "#3"},
				"down": {"uv": [7.71429, 13.71429, 7.42857, 14], "texture": "#3"}
			}
		},
		{
			"from": [5.21908, 14.82234, 3.35876],
			"to": [5.71908, 15.32234, 4.85876],
			"rotation": {"angle": 0, "axis": "x", "origin": [5.90658, 14.95056, 6.17239]},
			"faces": {
				"north": {"uv": [5.71429, 13.71429, 6, 14], "texture": "#3"},
				"east": {"uv": [11.42857, 3.42857, 12.28571, 3.71429], "texture": "#3"},
				"south": {"uv": [13.71429, 5.71429, 14, 6], "texture": "#3"},
				"west": {"uv": [4, 11.42857, 4.85714, 11.71429], "texture": "#3"},
				"up": {"uv": [11.71429, 4.85714, 11.42857, 4], "texture": "#3"},
				"down": {"uv": [5.42857, 11.42857, 5.14286, 12.28571], "texture": "#3"}
			}
		},
		{
			"from": [5.71908, 14.82234, 3.35876],
			"to": [6.21908, 15.32234, 3.85876],
			"rotation": {"angle": 0, "axis": "x", "origin": [5.90658, 14.95056, 6.17239]},
			"faces": {
				"north": {"uv": [13.71429, 3.42857, 14, 3.71429], "texture": "#3"},
				"east": {"uv": [4, 13.71429, 4.28571, 14], "texture": "#3"},
				"south": {"uv": [13.71429, 4, 14, 4.28571], "texture": "#3"},
				"up": {"uv": [14, 4.85714, 13.71429, 4.57143], "texture": "#3"},
				"down": {"uv": [14, 5.14286, 13.71429, 5.42857], "texture": "#3"}
			}
		},
		{
			"from": [5.46908, 15.04734, 2.85876],
			"to": [7.21908, 15.07734, 4.10876],
			"rotation": {"angle": 0, "axis": "x", "origin": [5.90658, 14.95056, 6.17239]},
			"faces": {
				"up": {"uv": [8.42857, 7.57143, 7.42857, 6.85714], "texture": "#3"},
				"down": {"uv": [9, 0, 8, 0.71429], "texture": "#3"}
			}
		},
		{
			"from": [5.21908, 14.59585, 3.36583],
			"to": [5.71908, 15.09585, 4.86583],
			"rotation": {"angle": -45, "axis": "x", "origin": [5.90658, 14.95056, 6.17239]},
			"faces": {
				"north": {"uv": [13.71429, 2.85714, 14, 3.14286], "texture": "#3"},
				"east": {"uv": [11.42857, 1.71429, 12.28571, 2], "texture": "#3"},
				"south": {"uv": [3.42857, 13.71429, 3.71429, 14], "texture": "#3"},
				"west": {"uv": [2.28571, 11.42857, 3.14286, 11.71429], "texture": "#3"},
				"up": {"uv": [11.71429, 3.14286, 11.42857, 2.28571], "texture": "#3"},
				"down": {"uv": [3.71429, 11.42857, 3.42857, 12.28571], "texture": "#3"}
			}
		},
		{
			"from": [5.71908, 14.59585, 3.36583],
			"to": [6.21908, 15.09585, 3.86583],
			"rotation": {"angle": -45, "axis": "x", "origin": [5.90658, 14.95056, 6.17239]},
			"faces": {
				"north": {"uv": [13.71429, 1.14286, 14, 1.42857], "texture": "#3"},
				"east": {"uv": [1.71429, 13.71429, 2, 14], "texture": "#3"},
				"south": {"uv": [13.71429, 1.71429, 14, 2], "texture": "#3"},
				"up": {"uv": [14, 2.57143, 13.71429, 2.28571], "texture": "#3"},
				"down": {"uv": [3.14286, 13.71429, 2.85714, 14], "texture": "#3"}
			}
		},
		{
			"from": [5.46908, 14.82085, 2.86583],
			"to": [7.21908, 14.85085, 4.11583],
			"rotation": {"angle": -45, "axis": "x", "origin": [5.90658, 14.95056, 6.17239]},
			"faces": {
				"up": {"uv": [5.57143, 8.14286, 4.57143, 7.42857], "texture": "#3"},
				"down": {"uv": [6.71429, 7.42857, 5.71429, 8.14286], "texture": "#3"}
			}
		},
		{
			"from": [8.78092, 14.82085, 2.86583],
			"to": [10.53092, 14.85085, 4.11583],
			"rotation": {"angle": -45, "axis": "x", "origin": [10.09342, 14.95056, 6.17239]},
			"faces": {
				"up": {"uv": [4.57143, 8.14286, 5.57143, 7.42857], "texture": "#3"},
				"down": {"uv": [5.71429, 7.42857, 6.71429, 8.14286], "texture": "#3"}
			}
		},
		{
			"from": [9.78092, 14.59585, 3.36583],
			"to": [10.28092, 15.09585, 3.86583],
			"rotation": {"angle": -45, "axis": "x", "origin": [10.09342, 14.95056, 6.17239]},
			"faces": {
				"north": {"uv": [14, 1.14286, 13.71429, 1.42857], "texture": "#3"},
				"south": {"uv": [14, 1.71429, 13.71429, 2], "texture": "#3"},
				"west": {"uv": [2, 13.71429, 1.71429, 14], "texture": "#3"},
				"up": {"uv": [13.71429, 2.57143, 14, 2.28571], "texture": "#3"},
				"down": {"uv": [2.85714, 13.71429, 3.14286, 14], "texture": "#3"}
			}
		},
		{
			"from": [10.28092, 14.59585, 3.36583],
			"to": [10.78092, 15.09585, 4.86583],
			"rotation": {"angle": -45, "axis": "x", "origin": [10.09342, 14.95056, 6.17239]},
			"faces": {
				"north": {"uv": [14, 2.85714, 13.71429, 3.14286], "texture": "#3"},
				"east": {"uv": [3.14286, 11.42857, 2.28571, 11.71429], "texture": "#3"},
				"south": {"uv": [3.71429, 13.71429, 3.42857, 14], "texture": "#3"},
				"west": {"uv": [12.28571, 1.71429, 11.42857, 2], "texture": "#3"},
				"up": {"uv": [11.42857, 3.14286, 11.71429, 2.28571], "texture": "#3"},
				"down": {"uv": [3.42857, 11.42857, 3.71429, 12.28571], "texture": "#3"}
			}
		},
		{
			"from": [8.78092, 15.04734, 2.85876],
			"to": [10.53092, 15.07734, 4.10876],
			"rotation": {"angle": 0, "axis": "x", "origin": [10.09342, 14.95056, 6.17239]},
			"faces": {
				"up": {"uv": [7.42857, 7.57143, 8.42857, 6.85714], "texture": "#3"},
				"down": {"uv": [8, 0, 9, 0.71429], "texture": "#3"}
			}
		},
		{
			"from": [9.78092, 14.82234, 3.35876],
			"to": [10.28092, 15.32234, 3.85876],
			"rotation": {"angle": 0, "axis": "x", "origin": [10.09342, 14.95056, 6.17239]},
			"faces": {
				"north": {"uv": [14, 3.42857, 13.71429, 3.71429], "texture": "#3"},
				"south": {"uv": [14, 4, 13.71429, 4.28571], "texture": "#3"},
				"west": {"uv": [4.28571, 13.71429, 4, 14], "texture": "#3"},
				"up": {"uv": [13.71429, 4.85714, 14, 4.57143], "texture": "#3"},
				"down": {"uv": [13.71429, 5.14286, 14, 5.42857], "texture": "#3"}
			}
		},
		{
			"from": [10.28092, 14.82234, 3.35876],
			"to": [10.78092, 15.32234, 4.85876],
			"rotation": {"angle": 0, "axis": "x", "origin": [10.09342, 14.95056, 6.17239]},
			"faces": {
				"north": {"uv": [6, 13.71429, 5.71429, 14], "texture": "#3"},
				"east": {"uv": [4.85714, 11.42857, 4, 11.71429], "texture": "#3"},
				"south": {"uv": [14, 5.71429, 13.71429, 6], "texture": "#3"},
				"west": {"uv": [12.28571, 3.42857, 11.42857, 3.71429], "texture": "#3"},
				"up": {"uv": [11.42857, 4.85714, 11.71429, 4], "texture": "#3"},
				"down": {"uv": [5.14286, 11.42857, 5.42857, 12.28571], "texture": "#3"}
			}
		},
		{
			"from": [9.78092, 14.70691, 3.36128],
			"to": [10.28092, 15.20691, 3.86128],
			"rotation": {"angle": -22.5, "axis": "x", "origin": [10.09342, 14.95056, 6.17239]},
			"faces": {
				"north": {"uv": [6.57143, 13.71429, 6.28571, 14], "texture": "#3"},
				"south": {"uv": [7.14286, 13.71429, 6.85714, 14], "texture": "#3"},
				"west": {"uv": [14, 6.28571, 13.71429, 6.57143], "texture": "#3"},
				"up": {"uv": [13.71429, 7.14286, 14, 6.85714], "texture": "#3"},
				"down": {"uv": [7.42857, 13.71429, 7.71429, 14], "texture": "#3"}
			}
		},
		{
			"from": [8.78092, 14.93191, 2.86128],
			"to": [10.53092, 14.96191, 4.11128],
			"rotation": {"angle": -22.5, "axis": "x", "origin": [10.09342, 14.95056, 6.17239]},
			"faces": {
				"up": {"uv": [1.14286, 8.71429, 2.14286, 8], "texture": "#3"},
				"down": {"uv": [8, 1.14286, 9, 1.85714], "texture": "#3"}
			}
		},
		{
			"from": [10.28092, 14.70691, 3.36128],
			"to": [10.78092, 15.20691, 4.86128],
			"rotation": {"angle": -22.5, "axis": "x", "origin": [10.09342, 14.95056, 6.17239]},
			"faces": {
				"north": {"uv": [14, 7.42857, 13.71429, 7.71429], "texture": "#3"},
				"east": {"uv": [6.57143, 11.42857, 5.71429, 11.71429], "texture": "#3"},
				"south": {"uv": [8.28571, 13.71429, 8, 14], "texture": "#3"},
				"west": {"uv": [12.28571, 5.14286, 11.42857, 5.42857], "texture": "#3"},
				"up": {"uv": [11.42857, 6.57143, 11.71429, 5.71429], "texture": "#3"},
				"down": {"uv": [6.85714, 11.42857, 7.14286, 12.28571], "texture": "#3"}
			}
		},
		{
			"from": [10.38092, 13.56331, 4.77617],
			"to": [10.68092, 14.81331, 6.02617],
			"rotation": {"angle": 22.5, "axis": "x", "origin": [10.09342, 14.95056, 6.17239]},
			"faces": {
				"north": {"uv": [13.28571, 4, 13.14286, 4.71429], "texture": "#3"},
				"east": {"uv": [9.28571, 9.14286, 8.57143, 9.85714], "texture": "#3"},
				"south": {"uv": [4.71429, 13.14286, 4.57143, 13.85714], "texture": "#3"},
				"west": {"uv": [9.85714, 8, 9.14286, 8.71429], "texture": "#3"},
				"up": {"uv": [5.14286, 13.85714, 5.28571, 13.14286], "texture": "#3"},
				"down": {"uv": [13.14286, 5.14286, 13.28571, 5.85714], "texture": "#3"}
			}
		},
		{
			"from": [10.13092, 15.50785, 6.72071],
			"to": [10.93092, 16.25785, 7.47071],
			"rotation": {"angle": 22.5, "axis": "x", "origin": [10.09342, 14.95056, 6.17239]},
			"faces": {
				"north": {"uv": [13, 8.57143, 12.57143, 9], "texture": "#3"},
				"east": {"uv": [10.14286, 12.57143, 9.71429, 13], "texture": "#3"},
				"south": {"uv": [13, 9.14286, 12.57143, 9.57143], "texture": "#3"},
				"west": {"uv": [9.57143, 12.57143, 9.14286, 13], "texture": "#3"},
				"up": {"uv": [12.57143, 10.14286, 13, 9.71429], "texture": "#3"},
				"down": {"uv": [10.28571, 12.57143, 10.71429, 13], "texture": "#3"}
			}
		},
		{
			"from": [10.13092, 14.09364, 5.3065],
			"to": [10.93092, 15.34364, 6.5565],
			"rotation": {"angle": 22.5, "axis": "x", "origin": [10.09342, 14.95056, 6.17239]},
			"faces": {
				"north": {"uv": [10.71429, 10.85714, 10.28571, 11.57143], "texture": "#3"},
				"east": {"uv": [10.42857, 5.71429, 9.71429, 6.42857], "texture": "#3"},
				"south": {"uv": [11.28571, 10.28571, 10.85714, 11], "texture": "#3"},
				"west": {"uv": [10.42857, 0, 9.71429, 0.71429], "texture": "#3"},
				"up": {"uv": [0, 12.14286, 0.42857, 11.42857], "texture": "#3"},
				"down": {"uv": [0.57143, 11.42857, 1, 12.14286], "texture": "#3"}
			}
		},
		{
			"from": [10.50704, 14.0366, 7.6382],
			"to": [10.53704, 15.6926, 10.4502],
			"rotation": {"angle": -45, "axis": "x", "origin": [10.09342, 14.95056, 6.17239]},
			"faces": {
				"east": {"uv": [1.57143, 3.42857, 0, 4.42857], "texture": "#3"},
				"west": {"uv": [4.42857, 2.28571, 2.85714, 3.28571], "texture": "#3"}
			}
		},
		{
			"from": [10.18104, 14.0866, 7.3632],
			"to": [10.83704, 14.7426, 9.1752],
			"rotation": {"angle": -45, "axis": "x", "origin": [10.09342, 14.95056, 6.17239]},
			"faces": {
				"east": {"uv": [10.71429, 9.71429, 9.71429, 10.14286], "texture": "#3"},
				"south": {"uv": [13, 10.28571, 12.57143, 10.71429], "texture": "#3"},
				"west": {"uv": [10.71429, 9.14286, 9.71429, 9.57143], "texture": "#3"},
				"up": {"uv": [8, 10.71429, 8.42857, 9.71429], "texture": "#3"},
				"down": {"uv": [0, 10.28571, 0.42857, 11.28571], "texture": "#3"}
			}
		},
		{
			"from": [10.21712, 14.66499, 6.33833],
			"to": [10.80096, 15.24883, 7.50601],
			"rotation": {"angle": -22.5, "axis": "x", "origin": [10.09342, 14.95056, 6.17239]},
			"faces": {
				"east": {"uv": [12.71429, 5.71429, 12, 6], "texture": "#3"},
				"west": {"uv": [12.71429, 2.85714, 12, 3.14286], "texture": "#3"},
				"up": {"uv": [6.28571, 12.71429, 6.57143, 12], "texture": "#3"},
				"down": {"uv": [7.42857, 12, 7.71429, 12.71429], "texture": "#3"}
			}
		}
	],
	"gui_light": "front",
	"display": {
		"thirdperson_righthand": {
			"translation": [0, -1, 0.75]
		},
		"thirdperson_lefthand": {
			"translation": [0, -1, 0.75]
		},
		"firstperson_righthand": {
			"rotation": [-15, 0, 0],
			"translation": [-0.5, 1.25, 3.5]
		},
		"firstperson_lefthand": {
			"rotation": [-15, 0, 0],
			"translation": [-0.5, 1.25, 3.5]
		},
		"ground": {
			"rotation": [-45, 0, 0],
			"translation": [0, 4.5, 0]
		},
		"gui": {
			"rotation": [-90, 45, 90],
			"translation": [1, -1, 0],
			"scale": [0.8, 0.8, 0.8]
		},
		"fixed": {
			"translation": [0, -0.25, -3.25],
			"scale": [2.5, 2.5, 2.5]
		}
	}
}